{"stats":{"minecraft:dropped":{"minecraft:torch":2,"minecraft:netherite_sword":1},"minecraft:killed":{"minecraft:iron_golem":1,"minecraft:villager":1},"minecraft:picked_up":{"minecraft:stick":2,"minecraft:torch":11,"minecraft:dandelion":1,"minecraft:porkchop":1,"minecraft:wheat_seeds":24,"minecraft:iron_ingot":4,"minecraft:poppy":2},"minecraft:custom":{"minecraft:time_since_rest":195903,"minecraft:walk_one_cm":440347,"minecraft:sprint_one_cm":165044,"minecraft:damage_taken":305,"minecraft:mob_kills":2,"minecraft:drop":3,"minecraft:damage_dealt":872,"minecraft:interact_with_beacon":6,"minecraft:fly_one_cm":2030679,"minecraft:crouch_one_cm":45978,"minecraft:play_time":242786,"minecraft:deaths":1,"minecraft:sneak_time":15103,"minecraft:walk_under_water_one_cm":3276,"minecraft:jump":1003,"minecraft:leave_game":4,"minecraft:time_since_death":195858,"minecraft:walk_on_water_one_cm":4855,"minecraft:total_world_time":242786,"minecraft:fall_one_cm":2672},"minecraft:used":{"minecraft:sticky_piston":2,"minecraft:quartz_bricks":3,"minecraft:water_bucket":53,"minecraft:netherite_sword":8,"minecraft:amethyst_block":20,"minecraft:netherite_shovel":165,"minecraft:quartz_pillar":130,"minecraft:flint_and_steel":6,"minecraft:quartz_slab":1010,"minecraft:iron_block":172,"minecraft:lantern":13,"minecraft:grass_block":2232,"minecraft:jungle_fence":43,"minecraft:quartz_block":1,"minecraft:stone":93,"minecraft:redstone_block":13,"minecraft:beacon":6,"minecraft:quartz_stairs":140,"minecraft:bubble_coral":4,"minecraft:calibrated_sculk_sensor":1,"minecraft:tube_coral":4,"minecraft:sculk_sensor":8,"minecraft:bedrock":215,"minecraft:brain_coral":4,"minecraft:dirt":13,"minecraft:horn_coral":5,"minecraft:tnt":20,"minecraft:lime_stained_glass":5,"minecraft:sculk_shrieker":2,"minecraft:chiseled_quartz_block":139,"minecraft:fire_coral":4,"minecraft:cyan_stained_glass":5},"minecraft:mined":{"minecraft:fire":5}},"DataVersion":3953}