{"stats":{"minecraft:killed":{"minecraft:iron_golem":1,"minecraft:villager":1},"minecraft:picked_up":{"minecraft:stick":2,"minecraft:torch":11,"minecraft:dandelion":1,"minecraft:porkchop":1,"minecraft:wheat_seeds":24,"minecraft:iron_ingot":4,"minecraft:poppy":2},"minecraft:custom":{"minecraft:time_since_rest":139456,"minecraft:walk_one_cm":415896,"minecraft:sprint_one_cm":140332,"minecraft:damage_taken":130,"minecraft:mob_kills":2,"minecraft:drop":3,"minecraft:damage_dealt":833,"minecraft:interact_with_beacon":6,"minecraft:fly_one_cm":1816930,"minecraft:crouch_one_cm":42922,"minecraft:play_time":186339,"minecraft:deaths":1,"minecraft:sneak_time":13304,"minecraft:jump":902,"minecraft:leave_game":3,"minecraft:time_since_death":139411,"minecraft:walk_on_water_one_cm":3127,"minecraft:total_world_time":186339,"minecraft:fall_one_cm":1591},"minecraft:dropped":{"minecraft:torch":2,"minecraft:netherite_sword":1},"minecraft:used":{"minecraft:sticky_piston":2,"minecraft:quartz_bricks":3,"minecraft:water_bucket":53,"minecraft:netherite_sword":8,"minecraft:amethyst_block":20,"minecraft:netherite_shovel":165,"minecraft:quartz_pillar":130,"minecraft:quartz_slab":1010,"minecraft:iron_block":172,"minecraft:lantern":13,"minecraft:grass_block":2076,"minecraft:jungle_fence":43,"minecraft:quartz_block":1,"minecraft:stone":49,"minecraft:redstone_block":13,"minecraft:beacon":6,"minecraft:quartz_stairs":140,"minecraft:bubble_coral":4,"minecraft:calibrated_sculk_sensor":1,"minecraft:tube_coral":4,"minecraft:sculk_sensor":8,"minecraft:bedrock":215,"minecraft:brain_coral":4,"minecraft:dirt":13,"minecraft:horn_coral":5,"minecraft:tnt":20,"minecraft:lime_stained_glass":5,"minecraft:sculk_shrieker":2,"minecraft:chiseled_quartz_block":138,"minecraft:fire_coral":4,"minecraft:cyan_stained_glass":5}},"DataVersion":3953}