{"stats":{"minecraft:used":{"minecraft:sticky_piston":2,"minecraft:quartz_bricks":3,"minecraft:netherite_sword":8,"minecraft:water_bucket":53,"minecraft:light":212,"minecraft:writable_book":1,"minecraft:netherite_shovel":165,"minecraft:amethyst_block":20,"minecraft:quartz_pillar":130,"minecraft:flint_and_steel":6,"minecraft:quartz_slab":1013,"minecraft:iron_block":172,"minecraft:lantern":13,"minecraft:grass_block":2236,"minecraft:jungle_fence":43,"minecraft:quartz_block":1,"minecraft:ender_pearl":9,"minecraft:lectern":1,"minecraft:stone":93,"minecraft:redstone_block":13,"minecraft:bubble_coral":4,"minecraft:beacon":6,"minecraft:quartz_stairs":140,"minecraft:player_head":1,"minecraft:calibrated_sculk_sensor":1,"minecraft:tube_coral":4,"minecraft:sculk_sensor":8,"minecraft:bedrock":215,"minecraft:brain_coral":4,"minecraft:dirt":15,"minecraft:horn_coral":5,"minecraft:written_book":18,"minecraft:tnt":20,"minecraft:lime_stained_glass":5,"minecraft:oak_boat":1,"minecraft:sculk_shrieker":2,"minecraft:chiseled_quartz_block":139,"minecraft:fire_coral":4,"minecraft:bone_meal":61,"minecraft:cyan_stained_glass":5},"minecraft:dropped":{"minecraft:torch":2,"minecraft:netherite_sword":1},"minecraft:picked_up":{"minecraft:stick":2,"minecraft:torch":11,"minecraft:dandelion":1,"minecraft:porkchop":1,"minecraft:dirt":2,"minecraft:wheat_seeds":24,"minecraft:iron_ingot":4,"minecraft:written_book":1,"minecraft:poppy":2},"minecraft:custom":{"minecraft:time_since_rest":17652,"minecraft:sprint_one_cm":207357,"minecraft:damage_taken":19145,"minecraft:walk_one_cm":517911,"minecraft:mob_kills":2,"minecraft:drop":3,"minecraft:damage_dealt":872,"minecraft:interact_with_beacon":6,"minecraft:fly_one_cm":2172078,"minecraft:crouch_one_cm":48736,"minecraft:play_time":279961,"minecraft:deaths":4,"minecraft:sneak_time":15882,"minecraft:walk_under_water_one_cm":3276,"minecraft:boat_one_cm":49236,"minecraft:interact_with_lectern":3,"minecraft:jump":1182,"minecraft:leave_game":7,"minecraft:time_since_death":17616,"minecraft:walk_on_water_one_cm":4855,"minecraft:total_world_time":279961,"minecraft:fall_one_cm":3299},"minecraft:mined":{"minecraft:fire":5,"minecraft:grass_block":2},"minecraft:killed":{"minecraft:iron_golem":1,"minecraft:villager":1}},"DataVersion":3953}