{"stats":{"minecraft:killed":{"minecraft:iron_golem":1,"minecraft:villager":1},"minecraft:picked_up":{"minecraft:stick":2,"minecraft:torch":11,"minecraft:dandelion":1,"minecraft:porkchop":1,"minecraft:wheat_seeds":20,"minecraft:iron_ingot":4,"minecraft:poppy":2},"minecraft:custom":{"minecraft:time_since_rest":86398,"minecraft:walk_one_cm":345506,"minecraft:sprint_one_cm":113734,"minecraft:damage_taken":130,"minecraft:mob_kills":2,"minecraft:drop":3,"minecraft:damage_dealt":833,"minecraft:interact_with_beacon":6,"minecraft:fly_one_cm":1534465,"minecraft:crouch_one_cm":34338,"minecraft:play_time":133281,"minecraft:deaths":1,"minecraft:sneak_time":10397,"minecraft:jump":729,"minecraft:leave_game":2,"minecraft:time_since_death":86353,"minecraft:walk_on_water_one_cm":3127,"minecraft:total_world_time":133281,"minecraft:fall_one_cm":1591},"minecraft:dropped":{"minecraft:torch":2,"minecraft:netherite_sword":1},"minecraft:used":{"minecraft:quartz_bricks":3,"minecraft:water_bucket":53,"minecraft:netherite_sword":8,"minecraft:quartz_pillar":130,"minecraft:quartz_slab":1002,"minecraft:iron_block":172,"minecraft:lantern":13,"minecraft:grass_block":1845,"minecraft:jungle_fence":43,"minecraft:quartz_block":1,"minecraft:stone":49,"minecraft:beacon":6,"minecraft:quartz_stairs":140,"minecraft:bubble_coral":4,"minecraft:tube_coral":4,"minecraft:bedrock":6,"minecraft:brain_coral":4,"minecraft:horn_coral":5,"minecraft:lime_stained_glass":5,"minecraft:chiseled_quartz_block":120,"minecraft:fire_coral":4,"minecraft:cyan_stained_glass":5}},"DataVersion":3953}