{"stats":{"minecraft:killed_by":{"minecraft:skeleton":1},"minecraft:used":{"minecraft:elytra":1,"minecraft:firework_rocket":11},"minecraft:custom":{"minecraft:jump":20,"minecraft:time_since_rest":30087,"minecraft:deaths":1,"minecraft:crouch_one_cm":640,"minecraft:walk_on_water_one_cm":2096,"minecraft:sprint_one_cm":1679,"minecraft:play_time":44464,"minecraft:damage_taken":255,"minecraft:time_since_death":0,"minecraft:walk_one_cm":5785,"minecraft:sneak_time":210,"minecraft:walk_under_water_one_cm":891,"minecraft:total_world_time":44464,"minecraft:swim_one_cm":1650,"minecraft:fall_one_cm":482,"minecraft:fly_one_cm":52339,"minecraft:aviate_one_cm":503146}},"DataVersion":3700}