{"stats":{"minecraft:crafted":{"minecraft:wooden_sword":1,"minecraft:oak_planks":556,"minecraft:furnace":1,"minecraft:diamond_helmet":1,"minecraft:diamond_leggings":1,"minecraft:iron_axe":1,"minecraft:stone_pickaxe":1,"minecraft:chest":2,"minecraft:diamond_boots":1,"minecraft:oak_fence":45,"minecraft:wheat":766,"minecraft:sugar":9,"minecraft:diamond_sword":1,"minecraft:diamond_axe":1,"minecraft:crafting_table":4,"minecraft:wooden_pickaxe":1,"minecraft:iron_sword":1,"minecraft:fletching_table":1,"minecraft:bucket":1,"minecraft:stone_axe":1,"minecraft:bread":255,"minecraft:air":0,"minecraft:oak_fence_gate":2,"minecraft:oak_boat":1,"minecraft:iron_chestplate":1,"minecraft:paper":24,"minecraft:diamond_pickaxe":1,"minecraft:shield":1,"minecraft:stick":68,"minecraft:iron_ingot":46,"minecraft:iron_pickaxe":1,"minecraft:oak_stairs":12,"minecraft:wooden_axe":1,"minecraft:stone_sword":1,"minecraft:gold_ingot":9,"minecraft:iron_leggings":1,"minecraft:torch":20,"minecraft:diamond_chestplate":1},"minecraft:custom":{"minecraft:interact_with_smithing_table":1,"minecraft:mob_kills":33,"minecraft:interact_with_crafting_table":46,"minecraft:open_barrel":4,"minecraft:time_since_death":61146,"minecraft:climb_one_cm":2115,"minecraft:sprint_one_cm":662216,"minecraft:walk_one_cm":196789,"minecraft:damage_blocked_by_shield":1179,"minecraft:drop":65,"minecraft:talked_to_villager":58,"minecraft:play_time":173939,"minecraft:deaths":4,"minecraft:sneak_time":25603,"minecraft:walk_under_water_one_cm":39129,"minecraft:boat_one_cm":54571,"minecraft:jump":4941,"minecraft:interact_with_blast_furnace":4,"minecraft:walk_on_water_one_cm":33117,"minecraft:total_world_time":173939,"minecraft:interact_with_furnace":41,"minecraft:time_since_rest":62543,"minecraft:damage_taken":2851,"minecraft:damage_dealt":4974,"minecraft:player_kills":1,"minecraft:swim_one_cm":60753,"minecraft:fly_one_cm":1093530,"minecraft:open_chest":44,"minecraft:crouch_one_cm":80902,"minecraft:fall_one_cm":156419},"minecraft:killed":{"minecraft:spider":2,"minecraft:skeleton":2,"minecraft:chicken":2,"minecraft:drowned":1,"minecraft:pig":2,"minecraft:salmon":4,"minecraft:frog":1,"minecraft:sheep":4,"minecraft:trader_llama":2,"minecraft:pillager":2,"minecraft:zombie":7,"minecraft:cow":3},"minecraft:mined":{"minecraft:tuff":1,"minecraft:deepslate_diamond_ore":47,"minecraft:oak_door":2,"minecraft:brewing_stand":1,"minecraft:obsidian":12,"minecraft:budding_amethyst":4,"minecraft:grass_block":6,"minecraft:composter":1,"minecraft:hay_block":86,"minecraft:redstone_ore":1,"minecraft:furnace":7,"minecraft:barrel":3,"minecraft:iron_ore":22,"minecraft:cobbled_deepslate":15,"minecraft:andesite":2,"minecraft:deepslate_lapis_ore":5,"minecraft:gold_block":1,"minecraft:bookshelf":8,"minecraft:deepslate_iron_ore":29,"minecraft:stripped_oak_log":16,"minecraft:stone":47,"minecraft:smithing_table":1,"minecraft:deepslate_redstone_ore":7,"minecraft:smoker":1,"minecraft:crafting_table":9,"minecraft:oak_fence":1,"minecraft:torch":1,"minecraft:short_grass":13,"minecraft:blast_furnace":2,"minecraft:lectern":27,"minecraft:tall_grass":1,"minecraft:cobblestone":19,"minecraft:lapis_ore":4,"minecraft:deepslate_gold_ore":8,"minecraft:oak_planks":35,"minecraft:sugar_cane":13,"minecraft:diorite":6,"minecraft:amethyst_block":53,"minecraft:seagrass":1,"minecraft:ice":1,"minecraft:yellow_bed":1,"minecraft:oak_log":125,"minecraft:coal_ore":28,"minecraft:gravel":10,"minecraft:dirt":2,"minecraft:stonecutter":1,"minecraft:netherrack":9,"minecraft:deepslate":68},"minecraft:picked_up":{"minecraft:crafting_table":9,"minecraft:iron_chestplate":1,"minecraft:wheat":8,"minecraft:ominous_bottle":1,"minecraft:chicken":2,"minecraft:smithing_table":1,"minecraft:lead":1,"minecraft:diamond_sword":1,"minecraft:wooden_pickaxe":1,"minecraft:gold_block":1,"minecraft:brewing_stand":1,"minecraft:amethyst_block":53,"minecraft:cobbled_deepslate":101,"minecraft:beef":8,"minecraft:lectern":27,"minecraft:sugar_cane":43,"minecraft:furnace":3,"minecraft:raw_iron":59,"minecraft:oak_door":1,"minecraft:composter":2,"minecraft:oak_fence":1,"minecraft:torch":3,"minecraft:porkchop":3,"minecraft:diorite":7,"minecraft:redstone":36,"minecraft:arrow":1,"minecraft:stone_sword":1,"minecraft:rotten_flesh":6,"minecraft:hay_block":89,"minecraft:mutton":5,"minecraft:obsidian":12,"minecraft:cobblestone":64,"minecraft:stripped_oak_log":16,"minecraft:feather":2,"minecraft:andesite":2,"minecraft:salmon":4,"minecraft:leather":4,"minecraft:smoker":1,"minecraft:flint":2,"minecraft:tuff":1,"minecraft:oak_log":124,"minecraft:yellow_bed":1,"minecraft:lapis_lazuli":57,"minecraft:dirt":9,"minecraft:white_banner":1,"minecraft:bone":1,"minecraft:stonecutter":1,"minecraft:wheat_seeds":3,"minecraft:raw_gold":8,"minecraft:oak_planks":36,"minecraft:book":24,"minecraft:gravel":6,"minecraft:blast_furnace":2,"minecraft:barrel":3,"minecraft:spider_eye":1,"minecraft:diamond":47,"minecraft:crossbow":1,"minecraft:bone_meal":1,"minecraft:coal":44},"minecraft:dropped":{"minecraft:bread":17,"minecraft:wheat_seeds":3,"minecraft:diamond":1,"minecraft:feather":2,"minecraft:leather":4,"minecraft:stick":2,"minecraft:dirt":2,"minecraft:diorite":2,"minecraft:torch":1,"minecraft:wooden_axe":1,"minecraft:iron_leggings":1,"minecraft:wooden_sword":1,"minecraft:bone_meal":1,"minecraft:iron_axe":1,"minecraft:sugar":9,"minecraft:bone":1,"minecraft:oak_door":1,"minecraft:gravel":6,"minecraft:stone_axe":1,"minecraft:sugar_cane":2,"minecraft:stone_sword":2,"minecraft:wheat":8,"minecraft:composter":2,"minecraft:chicken":2,"minecraft:rotten_flesh":3,"minecraft:oak_planks":40,"minecraft:salmon":4,"minecraft:diamond_sword":1,"minecraft:iron_chestplate":2,"minecraft:andesite":2,"minecraft:spider_eye":1,"minecraft:arrow":1,"minecraft:wooden_pickaxe":2,"minecraft:stone_pickaxe":1,"minecraft:raw_gold":8},"minecraft:used":{"minecraft:oak_fence":33,"minecraft:stone_sword":6,"minecraft:chest":2,"minecraft:shield":21,"minecraft:iron_sword":43,"minecraft:rotten_flesh":3,"minecraft:torch":22,"minecraft:dirt":7,"minecraft:tuff":1,"minecraft:snowball":1,"minecraft:oak_fence_gate":2,"minecraft:wooden_axe":7,"minecraft:lava_bucket":1,"minecraft:iron_axe":1,"minecraft:oak_stairs":8,"minecraft:goat_horn":16,"minecraft:furnace":2,"minecraft:cobbled_deepslate":99,"minecraft:water_bucket":53,"minecraft:amethyst_block":1,"minecraft:stone_pickaxe":46,"minecraft:oak_planks":342,"minecraft:wooden_pickaxe":28,"minecraft:fletching_table":1,"minecraft:diamond_axe":228,"minecraft:crafting_table":12,"minecraft:blast_furnace":2,"minecraft:oak_log":1,"minecraft:diamond_pickaxe":216,"minecraft:bread":55,"minecraft:iron_pickaxe":113,"minecraft:lectern":27,"minecraft:stone_axe":2,"minecraft:diamond_sword":42,"minecraft:cobblestone":47,"minecraft:bucket":55,"minecraft:yellow_bed":1,"minecraft:oak_boat":1,"minecraft:experience_bottle":1}},"DataVersion":3953}