{"stats":{"minecraft:crafted":{"minecraft:sugar":9,"minecraft:wooden_sword":1,"minecraft:oak_planks":48,"minecraft:diamond_sword":1,"minecraft:diamond_axe":1,"minecraft:crafting_table":1,"minecraft:wooden_pickaxe":1,"minecraft:iron_sword":1,"minecraft:furnace":1,"minecraft:bucket":1,"minecraft:stone_axe":1,"minecraft:bread":33,"minecraft:air":0,"minecraft:diamond_helmet":1,"minecraft:diamond_leggings":1,"minecraft:iron_chestplate":1,"minecraft:diamond_pickaxe":1,"minecraft:shield":1,"minecraft:iron_axe":1,"minecraft:stick":32,"minecraft:iron_ingot":37,"minecraft:iron_pickaxe":1,"minecraft:stone_pickaxe":1,"minecraft:wooden_axe":1,"minecraft:stone_sword":1,"minecraft:diamond_boots":1,"minecraft:iron_leggings":1,"minecraft:torch":20,"minecraft:diamond_chestplate":1,"minecraft:wheat":99},"minecraft:custom":{"minecraft:interact_with_furnace":33,"minecraft:mob_kills":11,"minecraft:interact_with_crafting_table":28,"minecraft:time_since_death":71939,"minecraft:time_since_rest":71939,"minecraft:sprint_one_cm":212725,"minecraft:damage_taken":911,"minecraft:walk_one_cm":92327,"minecraft:damage_blocked_by_shield":255,"minecraft:drop":17,"minecraft:damage_dealt":2231,"minecraft:swim_one_cm":5141,"minecraft:fly_one_cm":278828,"minecraft:crouch_one_cm":37515,"minecraft:play_time":71939,"minecraft:sneak_time":12761,"minecraft:walk_under_water_one_cm":8074,"minecraft:jump":1707,"minecraft:walk_on_water_one_cm":12655,"minecraft:total_world_time":71939,"minecraft:fall_one_cm":50987},"minecraft:killed":{"minecraft:spider":2,"minecraft:skeleton":2,"minecraft:zombie":7},"minecraft:mined":{"minecraft:deepslate_redstone_ore":7,"minecraft:tuff":1,"minecraft:deepslate_diamond_ore":43,"minecraft:crafting_table":5,"minecraft:torch":1,"minecraft:budding_amethyst":4,"minecraft:short_grass":2,"minecraft:grass_block":1,"minecraft:cobblestone":16,"minecraft:deepslate_gold_ore":8,"minecraft:sugar_cane":3,"minecraft:diorite":1,"minecraft:amethyst_block":53,"minecraft:hay_block":11,"minecraft:redstone_ore":1,"minecraft:furnace":3,"minecraft:iron_ore":19,"minecraft:cobbled_deepslate":13,"minecraft:andesite":2,"minecraft:deepslate_lapis_ore":5,"minecraft:yellow_bed":1,"minecraft:coal_ore":19,"minecraft:oak_log":12,"minecraft:deepslate_iron_ore":28,"minecraft:stone":45,"minecraft:deepslate":68},"minecraft:picked_up":{"minecraft:crafting_table":5,"minecraft:andesite":2,"minecraft:wooden_pickaxe":1,"minecraft:tuff":1,"minecraft:oak_log":12,"minecraft:yellow_bed":1,"minecraft:amethyst_block":53,"minecraft:lapis_lazuli":32,"minecraft:dirt":1,"minecraft:bone":1,"minecraft:cobbled_deepslate":99,"minecraft:raw_gold":8,"minecraft:sugar_cane":9,"minecraft:furnace":3,"minecraft:raw_iron":55,"minecraft:torch":2,"minecraft:diorite":2,"minecraft:redstone":36,"minecraft:spider_eye":1,"minecraft:stone_sword":1,"minecraft:arrow":1,"minecraft:rotten_flesh":6,"minecraft:diamond":43,"minecraft:hay_block":11,"minecraft:coal":35,"minecraft:cobblestone":60},"minecraft:dropped":{"minecraft:stone_axe":1,"minecraft:stone_sword":2,"minecraft:diamond":1,"minecraft:dirt":1,"minecraft:diorite":2,"minecraft:wooden_axe":1,"minecraft:andesite":2,"minecraft:spider_eye":1,"minecraft:wooden_sword":1,"minecraft:stone_pickaxe":1,"minecraft:wooden_pickaxe":2,"minecraft:sugar":9,"minecraft:bone":1},"minecraft:used":{"minecraft:amethyst_block":1,"minecraft:stone_sword":6,"minecraft:stone_pickaxe":46,"minecraft:wooden_pickaxe":28,"minecraft:shield":7,"minecraft:iron_sword":43,"minecraft:diamond_axe":1,"minecraft:rotten_flesh":3,"minecraft:torch":21,"minecraft:crafting_table":5,"minecraft:tuff":1,"minecraft:wooden_axe":7,"minecraft:diamond_pickaxe":150,"minecraft:lava_bucket":1,"minecraft:iron_axe":1,"minecraft:bread":19,"minecraft:iron_pickaxe":113,"minecraft:stone_axe":2,"minecraft:cobblestone":41,"minecraft:furnace":2,"minecraft:bucket":1,"minecraft:cobbled_deepslate":89}},"DataVersion":3953}