{"stats":{"minecraft:crafted":{"minecraft:sugar":9,"minecraft:wooden_sword":1,"minecraft:oak_planks":48,"minecraft:crafting_table":1,"minecraft:wooden_pickaxe":1,"minecraft:furnace":1,"minecraft:stone_axe":1,"minecraft:bread":33,"minecraft:air":0,"minecraft:iron_chestplate":1,"minecraft:shield":1,"minecraft:stick":32,"minecraft:iron_ingot":19,"minecraft:iron_pickaxe":1,"minecraft:stone_pickaxe":1,"minecraft:wooden_axe":1,"minecraft:stone_sword":1,"minecraft:iron_leggings":1,"minecraft:torch":20,"minecraft:wheat":99},"minecraft:custom":{"minecraft:interact_with_furnace":18,"minecraft:mob_kills":1,"minecraft:interact_with_crafting_table":16,"minecraft:time_since_death":53939,"minecraft:time_since_rest":53939,"minecraft:sprint_one_cm":175339,"minecraft:damage_taken":609,"minecraft:walk_one_cm":77598,"minecraft:damage_blocked_by_shield":99,"minecraft:drop":9,"minecraft:damage_dealt":260,"minecraft:swim_one_cm":5141,"minecraft:fly_one_cm":223476,"minecraft:crouch_one_cm":22177,"minecraft:play_time":53939,"minecraft:sneak_time":8174,"minecraft:walk_under_water_one_cm":8074,"minecraft:jump":1216,"minecraft:walk_on_water_one_cm":10740,"minecraft:total_world_time":53939,"minecraft:fall_one_cm":33305},"minecraft:killed":{"minecraft:spider":1},"minecraft:mined":{"minecraft:deepslate_redstone_ore":1,"minecraft:tuff":1,"minecraft:deepslate_diamond_ore":29,"minecraft:crafting_table":3,"minecraft:torch":1,"minecraft:short_grass":2,"minecraft:grass_block":1,"minecraft:cobblestone":16,"minecraft:deepslate_gold_ore":8,"minecraft:sugar_cane":3,"minecraft:diorite":1,"minecraft:hay_block":11,"minecraft:furnace":2,"minecraft:iron_ore":19,"minecraft:cobbled_deepslate":2,"minecraft:andesite":2,"minecraft:yellow_bed":1,"minecraft:coal_ore":15,"minecraft:oak_log":12,"minecraft:deepslate_iron_ore":26,"minecraft:stone":43,"minecraft:deepslate":17},"minecraft:picked_up":{"minecraft:crafting_table":3,"minecraft:andesite":2,"minecraft:wooden_pickaxe":1,"minecraft:tuff":1,"minecraft:oak_log":12,"minecraft:yellow_bed":1,"minecraft:dirt":1,"minecraft:cobbled_deepslate":24,"minecraft:raw_gold":8,"minecraft:sugar_cane":9,"minecraft:furnace":2,"minecraft:raw_iron":45,"minecraft:torch":2,"minecraft:diorite":2,"minecraft:redstone":5,"minecraft:stone_sword":1,"minecraft:diamond":29,"minecraft:hay_block":11,"minecraft:coal":27,"minecraft:cobblestone":59},"minecraft:dropped":{"minecraft:stone_sword":1,"minecraft:diamond":1,"minecraft:dirt":1,"minecraft:diorite":2,"minecraft:andesite":1,"minecraft:wooden_pickaxe":2,"minecraft:sugar":9},"minecraft:used":{"minecraft:stone_sword":6,"minecraft:stone_pickaxe":46,"minecraft:wooden_pickaxe":28,"minecraft:shield":4,"minecraft:torch":21,"minecraft:crafting_table":4,"minecraft:tuff":1,"minecraft:wooden_axe":7,"minecraft:bread":13,"minecraft:iron_pickaxe":109,"minecraft:stone_axe":2,"minecraft:cobblestone":29,"minecraft:furnace":2,"minecraft:cobbled_deepslate":21}},"DataVersion":3953}