{"stats":{"minecraft:custom":{"minecraft:jump":502,"minecraft:time_since_rest":23963,"minecraft:crouch_one_cm":3970,"minecraft:sprint_one_cm":99375,"minecraft:play_time":23963,"minecraft:walk_on_water_one_cm":256,"minecraft:time_since_death":23963,"minecraft:walk_one_cm":47257,"minecraft:sneak_time":1791,"minecraft:total_world_time":23963,"minecraft:fall_one_cm":3611,"minecraft:fly_one_cm":117048},"minecraft:mined":{"minecraft:grass_block":1,"minecraft:sugar_cane":3,"minecraft:yellow_bed":1},"minecraft:picked_up":{"minecraft:yellow_bed":1,"minecraft:sugar_cane":9}},"DataVersion":3953}