{"stats":{"minecraft:crafted":{"minecraft:sugar":9,"minecraft:wooden_sword":1,"minecraft:oak_planks":48,"minecraft:iron_chestplate":1,"minecraft:shield":1,"minecraft:crafting_table":1,"minecraft:stick":20,"minecraft:iron_ingot":19,"minecraft:iron_pickaxe":1,"minecraft:wooden_pickaxe":1,"minecraft:stone_pickaxe":1,"minecraft:wooden_axe":1,"minecraft:stone_sword":1,"minecraft:iron_leggings":1,"minecraft:furnace":1,"minecraft:torch":20,"minecraft:stone_axe":1,"minecraft:bread":33,"minecraft:air":0,"minecraft:wheat":99},"minecraft:custom":{"minecraft:time_since_rest":41939,"minecraft:interact_with_furnace":17,"minecraft:sprint_one_cm":136067,"minecraft:damage_taken":100,"minecraft:walk_one_cm":66922,"minecraft:drop":7,"minecraft:damage_dealt":28,"minecraft:swim_one_cm":793,"minecraft:interact_with_crafting_table":15,"minecraft:fly_one_cm":163183,"minecraft:crouch_one_cm":17300,"minecraft:play_time":41939,"minecraft:sneak_time":6158,"minecraft:walk_under_water_one_cm":439,"minecraft:jump":847,"minecraft:walk_on_water_one_cm":2846,"minecraft:time_since_death":41939,"minecraft:total_world_time":41939,"minecraft:fall_one_cm":17549},"minecraft:mined":{"minecraft:deepslate_redstone_ore":1,"minecraft:hay_block":11,"minecraft:furnace":2,"minecraft:deepslate_diamond_ore":7,"minecraft:iron_ore":19,"minecraft:andesite":2,"minecraft:torch":1,"minecraft:yellow_bed":1,"minecraft:crafting_table":3,"minecraft:short_grass":2,"minecraft:oak_log":12,"minecraft:grass_block":1,"minecraft:coal_ore":15,"minecraft:deepslate_iron_ore":14,"minecraft:cobblestone":2,"minecraft:deepslate_gold_ore":8,"minecraft:stone":43,"minecraft:sugar_cane":3,"minecraft:diorite":1,"minecraft:deepslate":4},"minecraft:picked_up":{"minecraft:crafting_table":3,"minecraft:raw_iron":33,"minecraft:andesite":2,"minecraft:torch":1,"minecraft:wooden_pickaxe":1,"minecraft:oak_log":12,"minecraft:diorite":2,"minecraft:yellow_bed":1,"minecraft:redstone":5,"minecraft:dirt":1,"minecraft:diamond":7,"minecraft:cobbled_deepslate":4,"minecraft:raw_gold":8,"minecraft:hay_block":11,"minecraft:sugar_cane":9,"minecraft:coal":27,"minecraft:cobblestone":45,"minecraft:furnace":2},"minecraft:dropped":{"minecraft:dirt":1,"minecraft:diorite":2,"minecraft:andesite":1,"minecraft:wooden_pickaxe":2,"minecraft:sugar":9},"minecraft:used":{"minecraft:wooden_axe":7,"minecraft:stone_sword":1,"minecraft:bread":4,"minecraft:stone_pickaxe":46,"minecraft:iron_pickaxe":44,"minecraft:wooden_pickaxe":28,"minecraft:torch":16,"minecraft:stone_axe":2,"minecraft:cobblestone":7,"minecraft:crafting_table":3,"minecraft:furnace":1}},"DataVersion":3953}