{"stats":{"minecraft:crafted":{"minecraft:sugar":9,"minecraft:wooden_sword":1,"minecraft:oak_planks":120,"minecraft:diamond_sword":1,"minecraft:diamond_axe":1,"minecraft:crafting_table":1,"minecraft:wooden_pickaxe":1,"minecraft:iron_sword":1,"minecraft:furnace":1,"minecraft:bucket":1,"minecraft:stone_axe":1,"minecraft:bread":33,"minecraft:air":0,"minecraft:oak_fence_gate":1,"minecraft:diamond_helmet":1,"minecraft:diamond_leggings":1,"minecraft:iron_chestplate":1,"minecraft:diamond_pickaxe":1,"minecraft:shield":1,"minecraft:iron_axe":1,"minecraft:stick":64,"minecraft:iron_ingot":37,"minecraft:iron_pickaxe":1,"minecraft:stone_pickaxe":1,"minecraft:wooden_axe":1,"minecraft:stone_sword":1,"minecraft:diamond_boots":1,"minecraft:iron_leggings":1,"minecraft:torch":20,"minecraft:oak_fence":45,"minecraft:diamond_chestplate":1,"minecraft:wheat":99},"minecraft:custom":{"minecraft:interact_with_furnace":33,"minecraft:mob_kills":17,"minecraft:interact_with_crafting_table":33,"minecraft:time_since_death":9771,"minecraft:time_since_rest":9811,"minecraft:sprint_one_cm":251241,"minecraft:damage_taken":1158,"minecraft:walk_one_cm":103321,"minecraft:damage_blocked_by_shield":285,"minecraft:drop":22,"minecraft:damage_dealt":2831,"minecraft:swim_one_cm":19595,"minecraft:fly_one_cm":340530,"minecraft:crouch_one_cm":41541,"minecraft:play_time":83939,"minecraft:deaths":1,"minecraft:sneak_time":15177,"minecraft:walk_under_water_one_cm":13556,"minecraft:jump":1986,"minecraft:walk_on_water_one_cm":18280,"minecraft:total_world_time":83939,"minecraft:fall_one_cm":61822},"minecraft:killed":{"minecraft:salmon":4,"minecraft:spider":2,"minecraft:skeleton":2,"minecraft:pillager":2,"minecraft:zombie":7},"minecraft:mined":{"minecraft:deepslate_redstone_ore":7,"minecraft:tuff":1,"minecraft:deepslate_diamond_ore":47,"minecraft:oak_fence":1,"minecraft:obsidian":12,"minecraft:crafting_table":6,"minecraft:torch":1,"minecraft:budding_amethyst":4,"minecraft:short_grass":7,"minecraft:grass_block":5,"minecraft:cobblestone":16,"minecraft:deepslate_gold_ore":8,"minecraft:sugar_cane":4,"minecraft:diorite":1,"minecraft:amethyst_block":53,"minecraft:hay_block":11,"minecraft:redstone_ore":1,"minecraft:furnace":3,"minecraft:iron_ore":19,"minecraft:cobbled_deepslate":13,"minecraft:andesite":2,"minecraft:deepslate_lapis_ore":5,"minecraft:yellow_bed":1,"minecraft:coal_ore":19,"minecraft:oak_log":31,"minecraft:deepslate_iron_ore":29,"minecraft:dirt":2,"minecraft:stone":46,"minecraft:deepslate":68},"minecraft:picked_up":{"minecraft:crafting_table":6,"minecraft:ominous_bottle":1,"minecraft:salmon":4,"minecraft:andesite":2,"minecraft:wooden_pickaxe":1,"minecraft:tuff":1,"minecraft:oak_log":30,"minecraft:yellow_bed":1,"minecraft:amethyst_block":53,"minecraft:lapis_lazuli":32,"minecraft:white_banner":1,"minecraft:dirt":8,"minecraft:bone":1,"minecraft:wheat_seeds":2,"minecraft:cobbled_deepslate":99,"minecraft:raw_gold":8,"minecraft:sugar_cane":15,"minecraft:furnace":3,"minecraft:raw_iron":56,"minecraft:oak_fence":1,"minecraft:torch":2,"minecraft:diorite":2,"minecraft:redstone":36,"minecraft:spider_eye":1,"minecraft:stone_sword":1,"minecraft:arrow":1,"minecraft:rotten_flesh":6,"minecraft:diamond":47,"minecraft:hay_block":11,"minecraft:crossbow":1,"minecraft:bone_meal":1,"minecraft:obsidian":12,"minecraft:coal":35,"minecraft:cobblestone":60},"minecraft:dropped":{"minecraft:bread":3,"minecraft:stone_axe":1,"minecraft:wheat_seeds":2,"minecraft:stone_sword":2,"minecraft:diamond":1,"minecraft:rotten_flesh":3,"minecraft:dirt":1,"minecraft:diorite":2,"minecraft:wooden_axe":1,"minecraft:andesite":2,"minecraft:bone_meal":1,"minecraft:spider_eye":1,"minecraft:wooden_sword":1,"minecraft:stone_pickaxe":1,"minecraft:wooden_pickaxe":2,"minecraft:sugar":9,"minecraft:bone":1},"minecraft:used":{"minecraft:oak_fence":33,"minecraft:water_bucket":1,"minecraft:amethyst_block":1,"minecraft:stone_sword":6,"minecraft:stone_pickaxe":46,"minecraft:wooden_pickaxe":28,"minecraft:shield":8,"minecraft:iron_sword":43,"minecraft:diamond_axe":26,"minecraft:rotten_flesh":3,"minecraft:torch":21,"minecraft:dirt":7,"minecraft:crafting_table":7,"minecraft:tuff":1,"minecraft:oak_fence_gate":1,"minecraft:wooden_axe":7,"minecraft:diamond_pickaxe":168,"minecraft:lava_bucket":1,"minecraft:iron_axe":1,"minecraft:bread":21,"minecraft:iron_pickaxe":113,"minecraft:diamond_sword":6,"minecraft:stone_axe":2,"minecraft:cobblestone":41,"minecraft:furnace":2,"minecraft:bucket":3,"minecraft:cobbled_deepslate":99}},"DataVersion":3953}