{"stats":{"minecraft:crafted":{"minecraft:wooden_sword":1,"minecraft:oak_planks":120,"minecraft:furnace":1,"minecraft:diamond_helmet":1,"minecraft:diamond_leggings":1,"minecraft:iron_axe":1,"minecraft:stone_pickaxe":1,"minecraft:diamond_boots":1,"minecraft:oak_fence":45,"minecraft:wheat":766,"minecraft:sugar":9,"minecraft:diamond_sword":1,"minecraft:diamond_axe":1,"minecraft:crafting_table":1,"minecraft:wooden_pickaxe":1,"minecraft:iron_sword":1,"minecraft:bucket":1,"minecraft:stone_axe":1,"minecraft:bread":255,"minecraft:air":0,"minecraft:oak_fence_gate":2,"minecraft:iron_chestplate":1,"minecraft:paper":24,"minecraft:diamond_pickaxe":1,"minecraft:shield":1,"minecraft:stick":68,"minecraft:iron_ingot":40,"minecraft:iron_pickaxe":1,"minecraft:wooden_axe":1,"minecraft:stone_sword":1,"minecraft:iron_leggings":1,"minecraft:torch":20,"minecraft:diamond_chestplate":1},"minecraft:custom":{"minecraft:mob_kills":32,"minecraft:interact_with_crafting_table":39,"minecraft:open_barrel":1,"minecraft:time_since_death":7146,"minecraft:climb_one_cm":2115,"minecraft:sprint_one_cm":438693,"minecraft:walk_one_cm":134398,"minecraft:damage_blocked_by_shield":405,"minecraft:drop":40,"minecraft:talked_to_villager":5,"minecraft:play_time":119939,"minecraft:deaths":4,"minecraft:sneak_time":17985,"minecraft:walk_under_water_one_cm":17237,"minecraft:jump":3308,"minecraft:interact_with_blast_furnace":1,"minecraft:walk_on_water_one_cm":23929,"minecraft:total_world_time":119939,"minecraft:interact_with_furnace":36,"minecraft:time_since_rest":8543,"minecraft:damage_taken":2066,"minecraft:damage_dealt":4410,"minecraft:swim_one_cm":31749,"minecraft:fly_one_cm":719927,"minecraft:open_chest":22,"minecraft:crouch_one_cm":52753,"minecraft:fall_one_cm":98022},"minecraft:killed":{"minecraft:spider":2,"minecraft:skeleton":2,"minecraft:chicken":2,"minecraft:pig":2,"minecraft:salmon":4,"minecraft:frog":1,"minecraft:sheep":4,"minecraft:trader_llama":2,"minecraft:pillager":2,"minecraft:zombie":7,"minecraft:cow":3},"minecraft:mined":{"minecraft:tuff":1,"minecraft:deepslate_diamond_ore":47,"minecraft:brewing_stand":1,"minecraft:obsidian":12,"minecraft:budding_amethyst":4,"minecraft:grass_block":5,"minecraft:hay_block":86,"minecraft:redstone_ore":1,"minecraft:furnace":3,"minecraft:iron_ore":22,"minecraft:cobbled_deepslate":13,"minecraft:andesite":2,"minecraft:deepslate_lapis_ore":5,"minecraft:bookshelf":8,"minecraft:deepslate_iron_ore":29,"minecraft:stripped_oak_log":11,"minecraft:stone":47,"minecraft:deepslate_redstone_ore":7,"minecraft:smoker":1,"minecraft:crafting_table":7,"minecraft:oak_fence":1,"minecraft:torch":1,"minecraft:short_grass":10,"minecraft:blast_furnace":2,"minecraft:lectern":1,"minecraft:tall_grass":1,"minecraft:cobblestone":17,"minecraft:deepslate_gold_ore":8,"minecraft:oak_planks":1,"minecraft:sugar_cane":11,"minecraft:diorite":1,"minecraft:amethyst_block":53,"minecraft:ice":1,"minecraft:yellow_bed":1,"minecraft:oak_log":53,"minecraft:coal_ore":19,"minecraft:dirt":2,"minecraft:netherrack":8,"minecraft:deepslate":68},"minecraft:picked_up":{"minecraft:crafting_table":7,"minecraft:iron_chestplate":1,"minecraft:wheat":8,"minecraft:ominous_bottle":1,"minecraft:chicken":2,"minecraft:lead":1,"minecraft:diamond_sword":1,"minecraft:wooden_pickaxe":1,"minecraft:brewing_stand":1,"minecraft:amethyst_block":53,"minecraft:cobbled_deepslate":99,"minecraft:beef":8,"minecraft:lectern":1,"minecraft:sugar_cane":35,"minecraft:furnace":3,"minecraft:raw_iron":59,"minecraft:oak_fence":1,"minecraft:torch":3,"minecraft:porkchop":3,"minecraft:diorite":2,"minecraft:redstone":36,"minecraft:arrow":1,"minecraft:stone_sword":1,"minecraft:rotten_flesh":6,"minecraft:hay_block":89,"minecraft:mutton":5,"minecraft:obsidian":12,"minecraft:cobblestone":62,"minecraft:stripped_oak_log":10,"minecraft:feather":2,"minecraft:andesite":2,"minecraft:salmon":4,"minecraft:leather":4,"minecraft:smoker":1,"minecraft:tuff":1,"minecraft:oak_log":52,"minecraft:yellow_bed":1,"minecraft:lapis_lazuli":32,"minecraft:dirt":8,"minecraft:white_banner":1,"minecraft:bone":1,"minecraft:wheat_seeds":3,"minecraft:raw_gold":8,"minecraft:oak_planks":1,"minecraft:book":24,"minecraft:blast_furnace":2,"minecraft:spider_eye":1,"minecraft:diamond":47,"minecraft:crossbow":1,"minecraft:bone_meal":1,"minecraft:coal":35},"minecraft:dropped":{"minecraft:bread":3,"minecraft:wheat_seeds":3,"minecraft:diamond":1,"minecraft:feather":2,"minecraft:leather":4,"minecraft:stick":2,"minecraft:dirt":1,"minecraft:diorite":2,"minecraft:torch":1,"minecraft:wooden_axe":1,"minecraft:iron_leggings":1,"minecraft:wooden_sword":1,"minecraft:bone_meal":1,"minecraft:iron_axe":1,"minecraft:sugar":9,"minecraft:bone":1,"minecraft:stone_axe":1,"minecraft:sugar_cane":2,"minecraft:stone_sword":2,"minecraft:wheat":8,"minecraft:chicken":2,"minecraft:rotten_flesh":3,"minecraft:salmon":4,"minecraft:diamond_sword":1,"minecraft:iron_chestplate":2,"minecraft:andesite":2,"minecraft:spider_eye":1,"minecraft:arrow":1,"minecraft:wooden_pickaxe":2,"minecraft:stone_pickaxe":1,"minecraft:raw_gold":8},"minecraft:used":{"minecraft:oak_fence":33,"minecraft:stone_sword":6,"minecraft:shield":10,"minecraft:iron_sword":43,"minecraft:rotten_flesh":3,"minecraft:torch":22,"minecraft:dirt":7,"minecraft:tuff":1,"minecraft:oak_fence_gate":2,"minecraft:wooden_axe":7,"minecraft:lava_bucket":1,"minecraft:iron_axe":1,"minecraft:goat_horn":8,"minecraft:furnace":2,"minecraft:cobbled_deepslate":99,"minecraft:water_bucket":21,"minecraft:amethyst_block":1,"minecraft:stone_pickaxe":46,"minecraft:oak_planks":2,"minecraft:wooden_pickaxe":28,"minecraft:diamond_axe":72,"minecraft:crafting_table":8,"minecraft:diamond_pickaxe":185,"minecraft:bread":31,"minecraft:iron_pickaxe":113,"minecraft:stone_axe":2,"minecraft:diamond_sword":37,"minecraft:cobblestone":41,"minecraft:bucket":23,"minecraft:experience_bottle":1}},"DataVersion":3953}