{"stats":{"minecraft:killed":{"minecraft:skeleton":1,"minecraft:zombie":1},"minecraft:picked_up":{"minecraft:feather":2,"minecraft:stone_sword":1,"minecraft:chicken":1,"minecraft:rotten_flesh":2,"minecraft:bow":1,"minecraft:wheat_seeds":2},"minecraft:custom":{"minecraft:time_since_rest":35976,"minecraft:crouch_one_cm":1304,"minecraft:play_time":35976,"minecraft:sprint_one_cm":16888,"minecraft:damage_taken":120,"minecraft:walk_one_cm":33175,"minecraft:sneak_time":614,"minecraft:mob_kills":2,"minecraft:drop":4,"minecraft:jump":101,"minecraft:damage_dealt":400,"minecraft:time_since_death":35976,"minecraft:total_world_time":35976,"minecraft:fall_one_cm":418,"minecraft:fly_one_cm":415941},"minecraft:dropped":{"minecraft:rotten_flesh":2,"minecraft:bow":1,"minecraft:wheat_seeds":2,"minecraft:stone_sword":1},"minecraft:used":{"minecraft:dirt":123,"minecraft:stone_sword":8,"minecraft:grass_block":379,"minecraft:stone":2}},"DataVersion":3953}