{"stats":{"minecraft:killed":{"minecraft:skeleton":1,"minecraft:zombie":1},"minecraft:picked_up":{"minecraft:bone":2,"minecraft:feather":2,"minecraft:stone_sword":1,"minecraft:chicken":1,"minecraft:rotten_flesh":2,"minecraft:bow":1,"minecraft:wheat_seeds":2},"minecraft:custom":{"minecraft:time_since_rest":47311,"minecraft:crouch_one_cm":1902,"minecraft:play_time":47311,"minecraft:sprint_one_cm":22936,"minecraft:damage_taken":120,"minecraft:walk_one_cm":38162,"minecraft:sneak_time":1166,"minecraft:mob_kills":2,"minecraft:drop":4,"minecraft:jump":132,"minecraft:damage_dealt":400,"minecraft:leave_game":1,"minecraft:time_since_death":47311,"minecraft:total_world_time":47311,"minecraft:fall_one_cm":418,"minecraft:fly_one_cm":705135},"minecraft:dropped":{"minecraft:rotten_flesh":2,"minecraft:bow":1,"minecraft:wheat_seeds":2,"minecraft:stone_sword":1},"minecraft:used":{"minecraft:dirt":123,"minecraft:stone_sword":8,"minecraft:command_block":1,"minecraft:grass_block":621,"minecraft:stone":2}},"DataVersion":3953}