{"stats":{"minecraft:killed":{"minecraft:skeleton":1,"minecraft:zombie":1},"minecraft:picked_up":{"minecraft:stone_sword":1,"minecraft:rotten_flesh":2,"minecraft:bow":1,"minecraft:wheat_seeds":2},"minecraft:custom":{"minecraft:time_since_rest":23976,"minecraft:crouch_one_cm":694,"minecraft:play_time":23976,"minecraft:sprint_one_cm":15267,"minecraft:damage_taken":120,"minecraft:walk_one_cm":20231,"minecraft:sneak_time":269,"minecraft:mob_kills":2,"minecraft:drop":4,"minecraft:jump":75,"minecraft:damage_dealt":400,"minecraft:time_since_death":23976,"minecraft:total_world_time":23976,"minecraft:fall_one_cm":418,"minecraft:fly_one_cm":246101},"minecraft:dropped":{"minecraft:rotten_flesh":2,"minecraft:bow":1,"minecraft:wheat_seeds":2,"minecraft:stone_sword":1},"minecraft:used":{"minecraft:dirt":122,"minecraft:stone_sword":8,"minecraft:grass_block":65}},"DataVersion":3953}