{"stats":{"minecraft:mined":{"minecraft:short_grass":10,"minecraft:poppy":1,"minecraft:tall_grass":6,"minecraft:stone":29},"minecraft:used":{"minecraft:stone_sword":106,"minecraft:bread":5,"minecraft:stone_pickaxe":30,"minecraft:stone":128,"minecraft:stone_axe":10,"minecraft:cobblestone":4,"minecraft:bow":69,"minecraft:oak_boat":1,"minecraft:splash_potion":6},"minecraft:dropped":{"minecraft:poppy":1,"minecraft:wheat_seeds":1,"minecraft:bow":3,"minecraft:sugar":57},"minecraft:picked_up":{"minecraft:splash_potion":6,"minecraft:gunpowder":2,"minecraft:spider_eye":1,"minecraft:string":8,"minecraft:arrow":2,"minecraft:sugar":72,"minecraft:rotten_flesh":8,"minecraft:bow":4,"minecraft:wheat_seeds":8,"minecraft:oak_boat":2,"minecraft:poppy":1,"minecraft:cobblestone":24},"minecraft:killed":{"minecraft:skeleton":1,"minecraft:zombie":7,"minecraft:spider":5,"minecraft:creeper":2},"minecraft:custom":{"minecraft:time_since_rest":21902,"minecraft:sprint_one_cm":85019,"minecraft:damage_taken":2184,"minecraft:walk_one_cm":261838,"minecraft:mob_kills":15,"minecraft:drop":62,"minecraft:damage_dealt":5429,"minecraft:player_kills":13,"minecraft:fly_one_cm":151321,"minecraft:crouch_one_cm":1687,"minecraft:play_time":62920,"minecraft:deaths":1,"minecraft:sneak_time":928,"minecraft:boat_one_cm":51654,"minecraft:jump":585,"minecraft:leave_game":6,"minecraft:walk_on_water_one_cm":611,"minecraft:time_since_death":21749,"minecraft:total_world_time":62920,"minecraft:damage_resisted":2048,"minecraft:fall_one_cm":11236}},"DataVersion":3953}