{"stats":{"minecraft:crafted":{"minecraft:red_dye":4,"minecraft:oak_planks":144,"minecraft:crafting_table":1,"minecraft:wooden_pickaxe":1,"minecraft:furnace":1,"minecraft:stone_axe":2,"minecraft:orange_dye":2,"minecraft:air":0,"minecraft:blue_dye":5,"minecraft:oak_boat":1,"minecraft:diamond_pickaxe":1,"minecraft:iron_chestplate":1,"minecraft:yellow_dye":9,"minecraft:stick":16,"minecraft:iron_pickaxe":1,"minecraft:iron_ingot":13,"minecraft:stone_pickaxe":1,"minecraft:stone_sword":1,"minecraft:light_gray_dye":6},"minecraft:custom":{"minecraft:interact_with_furnace":9,"minecraft:mob_kills":29,"minecraft:open_barrel":1,"minecraft:interact_with_crafting_table":10,"minecraft:leave_game":15,"minecraft:time_since_death":8870,"minecraft:sleep_in_bed":3,"minecraft:damage_resisted":56320,"minecraft:time_since_rest":8964,"minecraft:sprint_one_cm":506706,"minecraft:damage_taken":8375,"minecraft:walk_one_cm":985121,"minecraft:drop":141,"minecraft:damage_dealt":12969,"minecraft:swim_one_cm":65404,"minecraft:open_chest":6,"minecraft:talked_to_villager":3,"minecraft:fly_one_cm":813698,"minecraft:player_kills":35,"minecraft:crouch_one_cm":28175,"minecraft:play_time":238950,"minecraft:deaths":19,"minecraft:sneak_time":9591,"minecraft:walk_under_water_one_cm":21502,"minecraft:boat_one_cm":321758,"minecraft:jump":3396,"minecraft:walk_on_water_one_cm":21042,"minecraft:total_world_time":238950,"minecraft:fall_one_cm":72685},"minecraft:broken":{"minecraft:stone_pickaxe":1},"minecraft:killed":{"minecraft:salmon":8,"minecraft:spider":6,"minecraft:creeper":3,"minecraft:sheep":1,"minecraft:skeleton":1,"minecraft:zombie":8,"minecraft:glow_squid":1},"minecraft:killed_by":{"minecraft:player":5,"minecraft:zombie":1},"minecraft:mined":{"minecraft:diamond_ore":2,"minecraft:white_bed":2,"minecraft:red_bed":1,"minecraft:deepslate_diamond_ore":3,"minecraft:dandelion":9,"minecraft:obsidian":1,"minecraft:crafting_table":4,"minecraft:cornflower":5,"minecraft:granite":12,"minecraft:short_grass":114,"minecraft:grass_block":16,"minecraft:poppy":5,"minecraft:tall_grass":34,"minecraft:copper_ore":11,"minecraft:cobblestone":25,"minecraft:sugar_cane":1,"minecraft:diorite":7,"minecraft:oxeye_daisy":3,"minecraft:seagrass":1,"minecraft:tall_seagrass":3,"minecraft:furnace":1,"minecraft:carrots":4,"minecraft:iron_ore":23,"minecraft:wheat":15,"minecraft:fire":1,"minecraft:gold_block":1,"minecraft:sand":3,"minecraft:bee_nest":1,"minecraft:azure_bluet":3,"minecraft:deepslate_iron_ore":14,"minecraft:dripstone_block":2,"minecraft:dirt_path":1,"minecraft:potatoes":1,"minecraft:beetroots":6,"minecraft:oak_log":36,"minecraft:coal_ore":15,"minecraft:gravel":9,"minecraft:dirt":45,"minecraft:stone":118,"minecraft:oak_leaves":2,"minecraft:deepslate":6},"minecraft:picked_up":{"minecraft:iron_chestplate":2,"minecraft:crafting_table":4,"minecraft:azure_bluet":3,"minecraft:splash_potion":14,"minecraft:glow_ink_sac":1,"minecraft:salmon":8,"minecraft:yellow_dye":1,"minecraft:potato":1,"minecraft:gold_block":1,"minecraft:oak_log":36,"minecraft:gunpowder":2,"minecraft:cornflower":5,"minecraft:dirt":69,"minecraft:string":8,"minecraft:red_bed":1,"minecraft:raw_copper":42,"minecraft:iron_leggings":1,"minecraft:bone":3,"minecraft:bow":4,"minecraft:wheat_seeds":36,"minecraft:cobbled_deepslate":6,"minecraft:oak_boat":7,"minecraft:poppy":5,"minecraft:furnace":1,"minecraft:raw_iron":37,"minecraft:milk_bucket":3,"minecraft:sand":3,"minecraft:dripstone_block":1,"minecraft:dandelion":9,"minecraft:gravel":7,"minecraft:diorite":7,"minecraft:white_bed":2,"minecraft:carrot":4,"minecraft:spider_eye":2,"minecraft:diamond":5,"minecraft:arrow":2,"minecraft:stone_sword":1,"minecraft:rotten_flesh":11,"minecraft:sugar":124,"minecraft:beetroot_seeds":6,"minecraft:stone_axe":1,"minecraft:granite":12,"minecraft:bone_meal":1,"minecraft:bread":3,"minecraft:mutton":1,"minecraft:obsidian":1,"minecraft:coal":22,"minecraft:white_wool":1,"minecraft:cobblestone":138,"minecraft:oxeye_daisy":3},"minecraft:dropped":{"minecraft:wheat_seeds":18,"minecraft:glow_ink_sac":1,"minecraft:stone_sword":1,"minecraft:poppy":1,"minecraft:yellow_dye":3,"minecraft:iron_chestplate":1,"minecraft:beetroot_seeds":6,"minecraft:bow":3,"minecraft:wooden_pickaxe":1,"minecraft:sugar":123,"minecraft:bone":2},"minecraft:used":{"minecraft:wheat_seeds":10,"minecraft:stone_sword":156,"minecraft:stone_shovel":36,"minecraft:stone_pickaxe":200,"minecraft:oak_planks":10,"minecraft:wooden_pickaxe":34,"minecraft:stone":128,"minecraft:rotten_flesh":3,"minecraft:iron_chestplate":1,"minecraft:dirt":68,"minecraft:sand":3,"minecraft:crafting_table":4,"minecraft:carrot":4,"minecraft:white_bed":1,"minecraft:obsidian":1,"minecraft:diamond_pickaxe":1,"minecraft:iron_pickaxe":9,"minecraft:bread":9,"minecraft:gravel":3,"minecraft:stone_axe":74,"minecraft:cobblestone":83,"minecraft:bow":167,"minecraft:furnace":1,"minecraft:oak_boat":7,"minecraft:potato":1,"minecraft:splash_potion":12}},"DataVersion":3953}