{"stats":{"minecraft:crafted":{"minecraft:red_dye":4,"minecraft:oak_planks":40,"minecraft:wooden_pickaxe":1,"minecraft:stone_axe":1,"minecraft:orange_dye":2,"minecraft:blue_dye":5,"minecraft:yellow_dye":9,"minecraft:stick":16,"minecraft:light_gray_dye":6},"minecraft:custom":{"minecraft:mob_kills":17,"minecraft:interact_with_crafting_table":1,"minecraft:leave_game":15,"minecraft:time_since_death":33772,"minecraft:damage_resisted":56320,"minecraft:time_since_rest":33798,"minecraft:sprint_one_cm":307105,"minecraft:damage_taken":7280,"minecraft:walk_one_cm":714806,"minecraft:drop":136,"minecraft:damage_dealt":12044,"minecraft:talked_to_villager":2,"minecraft:fly_one_cm":511391,"minecraft:player_kills":35,"minecraft:crouch_one_cm":12240,"minecraft:play_time":172982,"minecraft:deaths":15,"minecraft:sneak_time":5339,"minecraft:boat_one_cm":241316,"minecraft:jump":1783,"minecraft:walk_on_water_one_cm":611,"minecraft:total_world_time":172982,"minecraft:fall_one_cm":27195},"minecraft:broken":{"minecraft:stone_pickaxe":1},"minecraft:killed":{"minecraft:spider":6,"minecraft:creeper":2,"minecraft:skeleton":1,"minecraft:zombie":7},"minecraft:mined":{"minecraft:dandelion":9,"minecraft:cornflower":5,"minecraft:granite":12,"minecraft:short_grass":23,"minecraft:grass_block":11,"minecraft:poppy":5,"minecraft:copper_ore":11,"minecraft:tall_grass":15,"minecraft:cobblestone":25,"minecraft:diorite":7,"minecraft:oxeye_daisy":3,"minecraft:fire":1,"minecraft:azure_bluet":3,"minecraft:oak_log":10,"minecraft:coal_ore":6,"minecraft:gravel":4,"minecraft:dirt":41,"minecraft:stone":68,"minecraft:oak_leaves":2},"minecraft:killed_by":{"minecraft:player":5,"minecraft:zombie":1},"minecraft:picked_up":{"minecraft:azure_bluet":3,"minecraft:splash_potion":14,"minecraft:yellow_dye":1,"minecraft:oak_log":10,"minecraft:gunpowder":2,"minecraft:cornflower":5,"minecraft:dirt":63,"minecraft:string":8,"minecraft:raw_copper":42,"minecraft:bone":3,"minecraft:bow":4,"minecraft:wheat_seeds":11,"minecraft:oak_boat":3,"minecraft:poppy":5,"minecraft:milk_bucket":3,"minecraft:dandelion":9,"minecraft:gravel":4,"minecraft:diorite":7,"minecraft:spider_eye":2,"minecraft:arrow":2,"minecraft:stone_sword":1,"minecraft:rotten_flesh":8,"minecraft:sugar":124,"minecraft:stone_axe":1,"minecraft:granite":12,"minecraft:coal":6,"minecraft:cobblestone":88,"minecraft:oxeye_daisy":3},"minecraft:dropped":{"minecraft:wheat_seeds":3,"minecraft:stone_sword":1,"minecraft:poppy":1,"minecraft:yellow_dye":3,"minecraft:bow":3,"minecraft:sugar":123,"minecraft:bone":2},"minecraft:used":{"minecraft:stone_sword":135,"minecraft:stone_shovel":36,"minecraft:stone_pickaxe":132,"minecraft:stone":128,"minecraft:dirt":63,"minecraft:bread":5,"minecraft:stone_axe":43,"minecraft:cobblestone":49,"minecraft:bow":167,"minecraft:oak_boat":3,"minecraft:splash_potion":12}},"DataVersion":3953}