{"stats":{"minecraft:mined":{"minecraft:short_grass":10,"minecraft:grass_block":2,"minecraft:poppy":1,"minecraft:dirt":7,"minecraft:tall_grass":6,"minecraft:cobblestone":21,"minecraft:stone":29},"minecraft:killed_by":{"minecraft:player":1,"minecraft:zombie":1},"minecraft:killed":{"minecraft:skeleton":1,"minecraft:zombie":7,"minecraft:spider":6,"minecraft:creeper":2},"minecraft:dropped":{"minecraft:poppy":1,"minecraft:wheat_seeds":1,"minecraft:bow":3,"minecraft:sugar":85},"minecraft:custom":{"minecraft:time_since_rest":12015,"minecraft:sprint_one_cm":105946,"minecraft:damage_taken":3085,"minecraft:walk_one_cm":330082,"minecraft:mob_kills":16,"minecraft:drop":90,"minecraft:damage_dealt":7904,"minecraft:player_kills":22,"minecraft:fly_one_cm":189453,"minecraft:crouch_one_cm":2403,"minecraft:play_time":79554,"minecraft:deaths":3,"minecraft:sneak_time":1422,"minecraft:boat_one_cm":181005,"minecraft:jump":777,"minecraft:leave_game":7,"minecraft:walk_on_water_one_cm":611,"minecraft:time_since_death":11985,"minecraft:total_world_time":79554,"minecraft:damage_resisted":2048,"minecraft:fall_one_cm":13363},"minecraft:used":{"minecraft:stone_sword":115,"minecraft:stone_shovel":17,"minecraft:bread":5,"minecraft:stone_pickaxe":51,"minecraft:stone":128,"minecraft:stone_axe":21,"minecraft:dirt":21,"minecraft:cobblestone":39,"minecraft:bow":104,"minecraft:oak_boat":3,"minecraft:splash_potion":6},"minecraft:picked_up":{"minecraft:splash_potion":6,"minecraft:gunpowder":2,"minecraft:dirt":21,"minecraft:spider_eye":2,"minecraft:string":8,"minecraft:bone":2,"minecraft:arrow":2,"minecraft:sugar":101,"minecraft:rotten_flesh":8,"minecraft:bow":4,"minecraft:wheat_seeds":8,"minecraft:oak_boat":3,"minecraft:poppy":1,"minecraft:cobblestone":45}},"DataVersion":3953}