{"stats":{"minecraft:killed_by":{"minecraft:player":5,"minecraft:zombie":1},"minecraft:mined":{"minecraft:fire":1,"minecraft:short_grass":13,"minecraft:grass_block":4,"minecraft:poppy":1,"minecraft:dirt":29,"minecraft:tall_grass":7,"minecraft:cobblestone":25,"minecraft:stone":29},"minecraft:killed":{"minecraft:skeleton":1,"minecraft:zombie":7,"minecraft:spider":6,"minecraft:creeper":2},"minecraft:crafted":{"minecraft:stone_axe":1},"minecraft:dropped":{"minecraft:poppy":1,"minecraft:wheat_seeds":1,"minecraft:bow":3,"minecraft:sugar":85,"minecraft:bone":1},"minecraft:custom":{"minecraft:time_since_rest":3134,"minecraft:sprint_one_cm":171545,"minecraft:damage_taken":5330,"minecraft:walk_one_cm":466448,"minecraft:mob_kills":16,"minecraft:drop":91,"minecraft:damage_dealt":10434,"minecraft:talked_to_villager":2,"minecraft:fly_one_cm":340605,"minecraft:player_kills":29,"minecraft:crouch_one_cm":4502,"minecraft:play_time":103827,"minecraft:deaths":10,"minecraft:sneak_time":1758,"minecraft:boat_one_cm":241316,"minecraft:jump":1175,"minecraft:leave_game":10,"minecraft:walk_on_water_one_cm":611,"minecraft:time_since_death":3076,"minecraft:total_world_time":103827,"minecraft:damage_resisted":56320,"minecraft:fall_one_cm":22014},"minecraft:used":{"minecraft:stone_sword":121,"minecraft:bread":5,"minecraft:stone_shovel":17,"minecraft:stone_pickaxe":55,"minecraft:stone":128,"minecraft:stone_axe":37,"minecraft:dirt":50,"minecraft:cobblestone":49,"minecraft:bow":167,"minecraft:oak_boat":3,"minecraft:splash_potion":6},"minecraft:picked_up":{"minecraft:splash_potion":6,"minecraft:gunpowder":2,"minecraft:string":8,"minecraft:dirt":57,"minecraft:spider_eye":2,"minecraft:arrow":2,"minecraft:bone":2,"minecraft:sugar":101,"minecraft:rotten_flesh":8,"minecraft:stone_axe":1,"minecraft:bow":4,"minecraft:wheat_seeds":9,"minecraft:oak_boat":3,"minecraft:poppy":1,"minecraft:cobblestone":49}},"DataVersion":3953}