{"stats":{"minecraft:mined":{"minecraft:short_grass":11,"minecraft:grass_block":2,"minecraft:poppy":1,"minecraft:dirt":8,"minecraft:tall_grass":7,"minecraft:cobblestone":21,"minecraft:stone":29},"minecraft:killed_by":{"minecraft:player":3,"minecraft:zombie":1},"minecraft:killed":{"minecraft:skeleton":1,"minecraft:zombie":7,"minecraft:spider":6,"minecraft:creeper":2},"minecraft:dropped":{"minecraft:poppy":1,"minecraft:wheat_seeds":1,"minecraft:bow":3,"minecraft:sugar":85,"minecraft:bone":1},"minecraft:custom":{"minecraft:time_since_rest":736,"minecraft:sprint_one_cm":130697,"minecraft:damage_taken":4489,"minecraft:walk_one_cm":380323,"minecraft:mob_kills":16,"minecraft:drop":91,"minecraft:damage_dealt":8675,"minecraft:talked_to_villager":2,"minecraft:fly_one_cm":280807,"minecraft:player_kills":24,"minecraft:crouch_one_cm":4397,"minecraft:play_time":91859,"minecraft:deaths":7,"minecraft:sneak_time":1744,"minecraft:boat_one_cm":241316,"minecraft:jump":965,"minecraft:leave_game":10,"minecraft:walk_on_water_one_cm":611,"minecraft:time_since_death":703,"minecraft:total_world_time":91859,"minecraft:damage_resisted":2048,"minecraft:fall_one_cm":19254},"minecraft:used":{"minecraft:stone_sword":120,"minecraft:bread":5,"minecraft:stone_shovel":17,"minecraft:stone_pickaxe":51,"minecraft:stone":128,"minecraft:stone_axe":23,"minecraft:dirt":33,"minecraft:cobblestone":39,"minecraft:bow":110,"minecraft:oak_boat":3,"minecraft:splash_potion":6},"minecraft:picked_up":{"minecraft:splash_potion":6,"minecraft:gunpowder":2,"minecraft:string":8,"minecraft:dirt":36,"minecraft:spider_eye":2,"minecraft:arrow":2,"minecraft:bone":2,"minecraft:sugar":101,"minecraft:rotten_flesh":8,"minecraft:bow":4,"minecraft:wheat_seeds":9,"minecraft:oak_boat":3,"minecraft:poppy":1,"minecraft:cobblestone":45}},"DataVersion":3953}