{"stats":{"minecraft:mined":{"minecraft:short_grass":10,"minecraft:grass_block":2,"minecraft:poppy":1,"minecraft:dirt":7,"minecraft:tall_grass":6,"minecraft:cobblestone":15,"minecraft:stone":29},"minecraft:killed_by":{"minecraft:player":1,"minecraft:zombie":1},"minecraft:killed":{"minecraft:skeleton":1,"minecraft:zombie":7,"minecraft:spider":5,"minecraft:creeper":2},"minecraft:dropped":{"minecraft:poppy":1,"minecraft:wheat_seeds":1,"minecraft:bow":3,"minecraft:sugar":57},"minecraft:custom":{"minecraft:time_since_rest":1322,"minecraft:sprint_one_cm":97399,"minecraft:damage_taken":2715,"minecraft:walk_one_cm":287958,"minecraft:mob_kills":15,"minecraft:drop":62,"minecraft:damage_dealt":6128,"minecraft:player_kills":17,"minecraft:fly_one_cm":178906,"minecraft:crouch_one_cm":2403,"minecraft:play_time":68861,"minecraft:deaths":3,"minecraft:sneak_time":1422,"minecraft:boat_one_cm":51654,"minecraft:jump":694,"minecraft:leave_game":6,"minecraft:walk_on_water_one_cm":611,"minecraft:time_since_death":1292,"minecraft:total_world_time":68861,"minecraft:damage_resisted":2048,"minecraft:fall_one_cm":12674},"minecraft:used":{"minecraft:stone_sword":112,"minecraft:stone_shovel":4,"minecraft:bread":5,"minecraft:stone_pickaxe":45,"minecraft:stone":128,"minecraft:stone_axe":11,"minecraft:dirt":9,"minecraft:cobblestone":24,"minecraft:bow":92,"minecraft:oak_boat":1,"minecraft:splash_potion":6},"minecraft:picked_up":{"minecraft:splash_potion":6,"minecraft:gunpowder":2,"minecraft:dirt":9,"minecraft:spider_eye":2,"minecraft:string":8,"minecraft:bone":2,"minecraft:arrow":2,"minecraft:sugar":81,"minecraft:rotten_flesh":8,"minecraft:bow":4,"minecraft:wheat_seeds":8,"minecraft:oak_boat":2,"minecraft:poppy":1,"minecraft:cobblestone":39}},"DataVersion":3953}