{"stats":{"minecraft:crafted":{"minecraft:oak_door":3,"minecraft:smooth_stone":3,"minecraft:oak_planks":144,"minecraft:furnace":1,"minecraft:blast_furnace":1,"minecraft:stone":3,"minecraft:iron_boots":1,"minecraft:iron_axe":1,"minecraft:stone_pickaxe":1,"minecraft:wheat":387,"minecraft:red_dye":4,"minecraft:crafting_table":1,"minecraft:wooden_pickaxe":1,"minecraft:iron_sword":1,"minecraft:stone_axe":2,"minecraft:orange_dye":2,"minecraft:bread":129,"minecraft:air":0,"minecraft:blue_dye":5,"minecraft:oak_boat":1,"minecraft:yellow_dye":9,"minecraft:iron_chestplate":1,"minecraft:wooden_hoe":1,"minecraft:diamond_pickaxe":1,"minecraft:stick":24,"minecraft:iron_ingot":37,"minecraft:iron_pickaxe":1,"minecraft:stone_sword":1,"minecraft:gold_ingot":9,"minecraft:light_gray_dye":6},"minecraft:broken":{"minecraft:stone_pickaxe":1},"minecraft:custom":{"minecraft:mob_kills":50,"minecraft:interact_with_crafting_table":20,"minecraft:open_barrel":1,"minecraft:leave_game":15,"minecraft:time_since_death":2807,"minecraft:damage_resisted":56320,"minecraft:sprint_one_cm":576723,"minecraft:walk_one_cm":1028145,"minecraft:drop":166,"minecraft:talked_to_villager":4,"minecraft:play_time":262950,"minecraft:sneak_time":9898,"minecraft:deaths":20,"minecraft:walk_under_water_one_cm":28042,"minecraft:boat_one_cm":339798,"minecraft:jump":3862,"minecraft:interact_with_blast_furnace":6,"minecraft:walk_on_water_one_cm":27265,"minecraft:total_world_time":262950,"minecraft:interact_with_furnace":11,"minecraft:sleep_in_bed":3,"minecraft:time_since_rest":2832,"minecraft:damage_taken":8794,"minecraft:damage_dealt":14960,"minecraft:player_kills":36,"minecraft:fly_one_cm":921752,"minecraft:swim_one_cm":147472,"minecraft:open_chest":9,"minecraft:crouch_one_cm":29514,"minecraft:fall_one_cm":84252},"minecraft:killed":{"minecraft:spider":6,"minecraft:skeleton":1,"minecraft:pig":4,"minecraft:salmon":8,"minecraft:creeper":3,"minecraft:sheep":18,"minecraft:zombie":8,"minecraft:glow_squid":1},"minecraft:killed_by":{"minecraft:player":5,"minecraft:zombie":2},"minecraft:mined":{"minecraft:diamond_ore":2,"minecraft:white_bed":2,"minecraft:deepslate_diamond_ore":3,"minecraft:oak_door":5,"minecraft:obsidian":1,"minecraft:granite":12,"minecraft:grass_block":20,"minecraft:oxeye_daisy":3,"minecraft:hay_block":43,"minecraft:tall_seagrass":3,"minecraft:furnace":2,"minecraft:carrots":4,"minecraft:iron_ore":23,"minecraft:fire":1,"minecraft:azure_bluet":3,"minecraft:gold_block":1,"minecraft:potatoes":1,"minecraft:deepslate_iron_ore":14,"minecraft:dirt_path":1,"minecraft:stone":121,"minecraft:red_bed":1,"minecraft:dandelion":9,"minecraft:crafting_table":8,"minecraft:cornflower":5,"minecraft:short_grass":115,"minecraft:blast_furnace":1,"minecraft:poppy":5,"minecraft:copper_ore":11,"minecraft:tall_grass":39,"minecraft:cobblestone":25,"minecraft:sugar_cane":1,"minecraft:diorite":7,"minecraft:seagrass":1,"minecraft:wheat":15,"minecraft:birch_leaves":1,"minecraft:bee_nest":1,"minecraft:coal_ore":15,"minecraft:oak_log":36,"minecraft:beetroots":6,"minecraft:dirt":56,"minecraft:gravel":9,"minecraft:dripstone_block":2,"minecraft:sand":3,"minecraft:oak_leaves":7,"minecraft:deepslate":6},"minecraft:picked_up":{"minecraft:crafting_table":8,"minecraft:iron_chestplate":2,"minecraft:azure_bluet":3,"minecraft:splash_potion":14,"minecraft:gold_block":1,"minecraft:cornflower":5,"minecraft:string":8,"minecraft:red_bed":1,"minecraft:raw_copper":42,"minecraft:iron_leggings":1,"minecraft:cobbled_deepslate":6,"minecraft:oak_boat":9,"minecraft:poppy":5,"minecraft:iron_pickaxe":1,"minecraft:light_gray_wool":2,"minecraft:furnace":2,"minecraft:stick":1,"minecraft:raw_iron":37,"minecraft:oak_door":5,"minecraft:porkchop":9,"minecraft:diorite":7,"minecraft:carrot":4,"minecraft:stone_sword":3,"minecraft:arrow":2,"minecraft:rotten_flesh":11,"minecraft:beetroot_seeds":6,"minecraft:hay_block":43,"minecraft:obsidian":1,"minecraft:mutton":28,"minecraft:cobblestone":141,"minecraft:white_wool":13,"minecraft:oxeye_daisy":3,"minecraft:glow_ink_sac":1,"minecraft:salmon":8,"minecraft:yellow_dye":1,"minecraft:potato":1,"minecraft:oak_log":36,"minecraft:gunpowder":2,"minecraft:dirt":85,"minecraft:bone":3,"minecraft:bow":4,"minecraft:wheat_seeds":36,"minecraft:stone_pickaxe":1,"minecraft:milk_bucket":3,"minecraft:dandelion":9,"minecraft:gravel":7,"minecraft:dripstone_block":1,"minecraft:sand":3,"minecraft:blast_furnace":1,"minecraft:white_bed":2,"minecraft:spider_eye":2,"minecraft:sugar":124,"minecraft:diamond":7,"minecraft:stone_axe":1,"minecraft:granite":12,"minecraft:bone_meal":2,"minecraft:bread":3,"minecraft:oak_sapling":3,"minecraft:black_wool":2,"minecraft:coal":28},"minecraft:dropped":{"minecraft:golden_boots":1,"minecraft:wheat_seeds":18,"minecraft:glow_ink_sac":1,"minecraft:diamond":2,"minecraft:dripstone_block":1,"minecraft:stick":3,"minecraft:dirt":2,"minecraft:wooden_hoe":1,"minecraft:yellow_dye":3,"minecraft:bone_meal":2,"minecraft:sugar":123,"minecraft:iron_pickaxe":1,"minecraft:white_wool":13,"minecraft:bone":2,"minecraft:stone_axe":1,"minecraft:iron_nugget":29,"minecraft:stone_sword":4,"minecraft:cobbled_deepslate":6,"minecraft:light_gray_wool":2,"minecraft:white_bed":1,"minecraft:salmon":8,"minecraft:poppy":1,"minecraft:iron_chestplate":1,"minecraft:beetroot_seeds":6,"minecraft:oak_sapling":3,"minecraft:stone_pickaxe":2,"minecraft:bow":3,"minecraft:wooden_pickaxe":1,"minecraft:black_wool":2},"minecraft:used":{"minecraft:stone_sword":205,"minecraft:stone_shovel":36,"minecraft:iron_sword":8,"minecraft:stone":128,"minecraft:rotten_flesh":3,"minecraft:oak_door":5,"minecraft:iron_chestplate":1,"minecraft:dirt":80,"minecraft:carrot":4,"minecraft:obsidian":1,"minecraft:iron_axe":5,"minecraft:iron_boots":1,"minecraft:bow":167,"minecraft:furnace":2,"minecraft:potato":1,"minecraft:wheat_seeds":10,"minecraft:stone_pickaxe":204,"minecraft:oak_planks":10,"minecraft:wooden_pickaxe":34,"minecraft:sand":3,"minecraft:crafting_table":8,"minecraft:blast_furnace":1,"minecraft:white_bed":1,"minecraft:wooden_hoe":44,"minecraft:diamond_pickaxe":1,"minecraft:bread":15,"minecraft:iron_pickaxe":10,"minecraft:gravel":3,"minecraft:stone_axe":78,"minecraft:cobblestone":83,"minecraft:oak_boat":9,"minecraft:splash_potion":12}},"DataVersion":3953}