{"stats":{"minecraft:crafted":{"minecraft:oak_door":3,"minecraft:smooth_stone":3,"minecraft:oak_planks":144,"minecraft:furnace":1,"minecraft:blast_furnace":1,"minecraft:stone":3,"minecraft:diamond_helmet":1,"minecraft:diamond_leggings":1,"minecraft:iron_boots":1,"minecraft:iron_axe":1,"minecraft:stone_pickaxe":1,"minecraft:diamond_boots":1,"minecraft:wheat":387,"minecraft:red_dye":4,"minecraft:crafting_table":1,"minecraft:wooden_pickaxe":1,"minecraft:iron_sword":1,"minecraft:stone_axe":2,"minecraft:orange_dye":2,"minecraft:bread":129,"minecraft:air":0,"minecraft:blue_dye":5,"minecraft:oak_boat":1,"minecraft:iron_chestplate":1,"minecraft:wooden_hoe":1,"minecraft:diamond_pickaxe":1,"minecraft:yellow_dye":9,"minecraft:shield":1,"minecraft:stick":24,"minecraft:iron_ingot":37,"minecraft:iron_pickaxe":1,"minecraft:stone_sword":1,"minecraft:gold_ingot":9,"minecraft:light_gray_dye":6,"minecraft:diamond_chestplate":1},"minecraft:broken":{"minecraft:stone_pickaxe":1,"minecraft:iron_pickaxe":1},"minecraft:custom":{"minecraft:mob_kills":56,"minecraft:interact_with_crafting_table":23,"minecraft:open_barrel":1,"minecraft:leave_game":17,"minecraft:time_since_death":23038,"minecraft:damage_resisted":56320,"minecraft:sprint_one_cm":644512,"minecraft:walk_one_cm":1099747,"minecraft:damage_blocked_by_shield":386,"minecraft:drop":183,"minecraft:talked_to_villager":4,"minecraft:play_time":295898,"minecraft:deaths":23,"minecraft:sneak_time":11017,"minecraft:walk_under_water_one_cm":37223,"minecraft:boat_one_cm":339798,"minecraft:jump":4509,"minecraft:interact_with_blast_furnace":6,"minecraft:walk_on_water_one_cm":37432,"minecraft:total_world_time":295898,"minecraft:interact_with_furnace":11,"minecraft:sleep_in_bed":3,"minecraft:time_since_rest":23067,"minecraft:damage_taken":9952,"minecraft:damage_dealt":16049,"minecraft:fly_one_cm":1030195,"minecraft:swim_one_cm":193893,"minecraft:player_kills":36,"minecraft:open_chest":12,"minecraft:crouch_one_cm":31865,"minecraft:fall_one_cm":104182},"minecraft:killed":{"minecraft:spider":6,"minecraft:skeleton":4,"minecraft:pig":4,"minecraft:salmon":8,"minecraft:creeper":3,"minecraft:sheep":18,"minecraft:zombie":11,"minecraft:glow_squid":1},"minecraft:killed_by":{"minecraft:player":6,"minecraft:zombie":2},"minecraft:mined":{"minecraft:diamond_ore":3,"minecraft:tuff":24,"minecraft:white_bed":2,"minecraft:deepslate_diamond_ore":44,"minecraft:oak_door":6,"minecraft:obsidian":1,"minecraft:granite":44,"minecraft:budding_amethyst":1,"minecraft:grass_block":23,"minecraft:oxeye_daisy":3,"minecraft:hay_block":43,"minecraft:tall_seagrass":3,"minecraft:furnace":2,"minecraft:carrots":4,"minecraft:fire":1,"minecraft:iron_ore":25,"minecraft:cobbled_deepslate":2,"minecraft:azure_bluet":3,"minecraft:gold_block":1,"minecraft:potatoes":1,"minecraft:deepslate_iron_ore":16,"minecraft:dirt_path":1,"minecraft:stone":245,"minecraft:red_bed":1,"minecraft:medium_amethyst_bud":1,"minecraft:amethyst_cluster":2,"minecraft:dandelion":9,"minecraft:crafting_table":10,"minecraft:cornflower":5,"minecraft:short_grass":116,"minecraft:blast_furnace":1,"minecraft:calcite":6,"minecraft:poppy":5,"minecraft:cobblestone":25,"minecraft:tall_grass":39,"minecraft:copper_ore":15,"minecraft:sugar_cane":1,"minecraft:oak_planks":1,"minecraft:diorite":29,"minecraft:amethyst_block":5,"minecraft:seagrass":1,"minecraft:wheat":15,"minecraft:birch_leaves":1,"minecraft:bee_nest":1,"minecraft:oak_log":36,"minecraft:coal_ore":15,"minecraft:beetroots":6,"minecraft:sand":3,"minecraft:gravel":21,"minecraft:dripstone_block":2,"minecraft:dirt":65,"minecraft:smooth_basalt":3,"minecraft:oak_leaves":7,"minecraft:deepslate":150},"minecraft:picked_up":{"minecraft:iron_chestplate":4,"minecraft:crafting_table":10,"minecraft:azure_bluet":3,"minecraft:splash_potion":14,"minecraft:gold_block":1,"minecraft:amethyst_block":5,"minecraft:cornflower":5,"minecraft:string":8,"minecraft:red_bed":1,"minecraft:raw_copper":54,"minecraft:iron_leggings":3,"minecraft:cobbled_deepslate":152,"minecraft:oak_boat":9,"minecraft:calcite":6,"minecraft:poppy":5,"minecraft:iron_pickaxe":1,"minecraft:light_gray_wool":2,"minecraft:furnace":2,"minecraft:stick":1,"minecraft:raw_iron":41,"minecraft:oak_door":6,"minecraft:porkchop":9,"minecraft:diorite":29,"minecraft:carrot":4,"minecraft:rotten_flesh":11,"minecraft:stone_sword":3,"minecraft:arrow":6,"minecraft:beetroot_seeds":6,"minecraft:hay_block":43,"minecraft:obsidian":1,"minecraft:mutton":28,"minecraft:cobblestone":264,"minecraft:white_wool":13,"minecraft:oxeye_daisy":3,"minecraft:glow_ink_sac":1,"minecraft:salmon":8,"minecraft:yellow_dye":1,"minecraft:potato":1,"minecraft:flint":1,"minecraft:tuff":24,"minecraft:oak_log":36,"minecraft:gunpowder":2,"minecraft:dirt":97,"minecraft:bone":5,"minecraft:bow":4,"minecraft:wheat_seeds":37,"minecraft:stone_pickaxe":1,"minecraft:oak_planks":2,"minecraft:smooth_basalt":3,"minecraft:milk_bucket":3,"minecraft:dandelion":9,"minecraft:dripstone_block":1,"minecraft:gravel":18,"minecraft:sand":3,"minecraft:amethyst_shard":8,"minecraft:blast_furnace":1,"minecraft:white_bed":2,"minecraft:spider_eye":2,"minecraft:sugar":124,"minecraft:diamond":49,"minecraft:stone_axe":1,"minecraft:granite":46,"minecraft:bone_meal":2,"minecraft:bread":3,"minecraft:oak_sapling":3,"minecraft:black_wool":2,"minecraft:coal":28},"minecraft:dropped":{"minecraft:golden_boots":1,"minecraft:wheat_seeds":18,"minecraft:glow_ink_sac":1,"minecraft:diamond":2,"minecraft:dripstone_block":1,"minecraft:cobblestone":59,"minecraft:amethyst_block":5,"minecraft:stick":3,"minecraft:dirt":17,"minecraft:diorite":22,"minecraft:wooden_hoe":1,"minecraft:yellow_dye":3,"minecraft:iron_leggings":3,"minecraft:bone_meal":2,"minecraft:sugar":123,"minecraft:iron_pickaxe":1,"minecraft:white_wool":13,"minecraft:smooth_basalt":3,"minecraft:bone":4,"minecraft:gravel":11,"minecraft:stone_axe":1,"minecraft:iron_nugget":29,"minecraft:stone_sword":4,"minecraft:cobbled_deepslate":26,"minecraft:light_gray_wool":2,"minecraft:oak_planks":32,"minecraft:white_bed":1,"minecraft:salmon":8,"minecraft:poppy":1,"minecraft:iron_chestplate":4,"minecraft:beetroot_seeds":6,"minecraft:oak_sapling":3,"minecraft:arrow":4,"minecraft:bow":3,"minecraft:wooden_pickaxe":1,"minecraft:stone_pickaxe":2,"minecraft:calcite":6,"minecraft:black_wool":2},"minecraft:used":{"minecraft:stone_sword":205,"minecraft:stone_shovel":36,"minecraft:shield":6,"minecraft:stone":128,"minecraft:iron_sword":28,"minecraft:rotten_flesh":3,"minecraft:oak_door":6,"minecraft:iron_chestplate":1,"minecraft:dirt":80,"minecraft:carrot":4,"minecraft:tuff":24,"minecraft:obsidian":1,"minecraft:iron_axe":10,"minecraft:iron_boots":1,"minecraft:bow":167,"minecraft:furnace":2,"minecraft:potato":1,"minecraft:cobbled_deepslate":62,"minecraft:wheat_seeds":10,"minecraft:stone_pickaxe":204,"minecraft:oak_planks":69,"minecraft:wooden_pickaxe":34,"minecraft:sand":3,"minecraft:crafting_table":11,"minecraft:blast_furnace":1,"minecraft:white_bed":1,"minecraft:wooden_hoe":44,"minecraft:diamond_pickaxe":181,"minecraft:bread":27,"minecraft:iron_pickaxe":248,"minecraft:gravel":3,"minecraft:stone_axe":78,"minecraft:cobblestone":83,"minecraft:oak_boat":9,"minecraft:splash_potion":12}},"DataVersion":3953}