{"stats":{"minecraft:crafted":{"minecraft:red_dye":4,"minecraft:oak_planks":144,"minecraft:crafting_table":1,"minecraft:wooden_pickaxe":1,"minecraft:furnace":1,"minecraft:stone_axe":2,"minecraft:orange_dye":2,"minecraft:air":0,"minecraft:blue_dye":5,"minecraft:iron_chestplate":1,"minecraft:yellow_dye":9,"minecraft:stick":16,"minecraft:iron_pickaxe":1,"minecraft:iron_ingot":13,"minecraft:stone_pickaxe":1,"minecraft:stone_sword":1,"minecraft:light_gray_dye":6},"minecraft:custom":{"minecraft:interact_with_furnace":9,"minecraft:mob_kills":19,"minecraft:interact_with_crafting_table":7,"minecraft:leave_game":15,"minecraft:time_since_death":57740,"minecraft:sleep_in_bed":3,"minecraft:damage_resisted":56320,"minecraft:time_since_rest":10029,"minecraft:sprint_one_cm":354689,"minecraft:damage_taken":7433,"minecraft:walk_one_cm":835489,"minecraft:drop":139,"minecraft:damage_dealt":12518,"minecraft:talked_to_villager":2,"minecraft:fly_one_cm":555507,"minecraft:player_kills":35,"minecraft:crouch_one_cm":22057,"minecraft:play_time":196950,"minecraft:deaths":15,"minecraft:sneak_time":7770,"minecraft:walk_under_water_one_cm":332,"minecraft:boat_one_cm":241316,"minecraft:jump":2218,"minecraft:walk_on_water_one_cm":1746,"minecraft:total_world_time":196950,"minecraft:fall_one_cm":36515},"minecraft:broken":{"minecraft:stone_pickaxe":1},"minecraft:killed":{"minecraft:spider":6,"minecraft:creeper":3,"minecraft:skeleton":1,"minecraft:zombie":8},"minecraft:killed_by":{"minecraft:player":5,"minecraft:zombie":1},"minecraft:mined":{"minecraft:white_bed":2,"minecraft:dandelion":9,"minecraft:crafting_table":2,"minecraft:cornflower":5,"minecraft:granite":12,"minecraft:short_grass":24,"minecraft:grass_block":14,"minecraft:poppy":5,"minecraft:tall_grass":15,"minecraft:copper_ore":11,"minecraft:cobblestone":25,"minecraft:diorite":7,"minecraft:oxeye_daisy":3,"minecraft:furnace":1,"minecraft:carrots":4,"minecraft:iron_ore":18,"minecraft:wheat":15,"minecraft:fire":1,"minecraft:azure_bluet":3,"minecraft:dripstone_block":1,"minecraft:dirt_path":1,"minecraft:potatoes":1,"minecraft:beetroots":6,"minecraft:oak_log":36,"minecraft:coal_ore":15,"minecraft:gravel":9,"minecraft:dirt":45,"minecraft:stone":116,"minecraft:oak_leaves":2},"minecraft:picked_up":{"minecraft:crafting_table":2,"minecraft:azure_bluet":3,"minecraft:splash_potion":14,"minecraft:yellow_dye":1,"minecraft:potato":1,"minecraft:oak_log":36,"minecraft:gunpowder":2,"minecraft:cornflower":5,"minecraft:dirt":68,"minecraft:string":8,"minecraft:raw_copper":42,"minecraft:bone":3,"minecraft:bow":4,"minecraft:wheat_seeds":26,"minecraft:oak_boat":3,"minecraft:poppy":5,"minecraft:furnace":1,"minecraft:raw_iron":18,"minecraft:milk_bucket":3,"minecraft:dandelion":9,"minecraft:gravel":7,"minecraft:diorite":7,"minecraft:white_bed":2,"minecraft:carrot":4,"minecraft:spider_eye":2,"minecraft:arrow":2,"minecraft:stone_sword":1,"minecraft:rotten_flesh":8,"minecraft:sugar":124,"minecraft:beetroot_seeds":6,"minecraft:stone_axe":1,"minecraft:granite":12,"minecraft:coal":22,"minecraft:cobblestone":136,"minecraft:oxeye_daisy":3},"minecraft:dropped":{"minecraft:wheat_seeds":18,"minecraft:stone_sword":1,"minecraft:poppy":1,"minecraft:yellow_dye":3,"minecraft:beetroot_seeds":6,"minecraft:bow":3,"minecraft:wooden_pickaxe":1,"minecraft:sugar":123,"minecraft:bone":2},"minecraft:used":{"minecraft:stone_sword":144,"minecraft:stone_shovel":36,"minecraft:stone_pickaxe":175,"minecraft:oak_planks":1,"minecraft:wooden_pickaxe":34,"minecraft:stone":128,"minecraft:iron_chestplate":1,"minecraft:dirt":68,"minecraft:crafting_table":2,"minecraft:carrot":4,"minecraft:white_bed":1,"minecraft:bread":5,"minecraft:gravel":3,"minecraft:stone_axe":71,"minecraft:cobblestone":62,"minecraft:bow":167,"minecraft:furnace":1,"minecraft:oak_boat":3,"minecraft:potato":1,"minecraft:splash_potion":12}},"DataVersion":3953}