{"stats":{"minecraft:crafted":{"minecraft:stone_axe":1},"minecraft:custom":{"minecraft:time_since_rest":9165,"minecraft:sprint_one_cm":243422,"minecraft:damage_taken":6480,"minecraft:walk_one_cm":572443,"minecraft:mob_kills":16,"minecraft:drop":130,"minecraft:damage_dealt":11456,"minecraft:talked_to_villager":2,"minecraft:fly_one_cm":411328,"minecraft:player_kills":34,"minecraft:crouch_one_cm":8206,"minecraft:play_time":126079,"minecraft:deaths":12,"minecraft:sneak_time":4330,"minecraft:boat_one_cm":241316,"minecraft:jump":1417,"minecraft:leave_game":13,"minecraft:walk_on_water_one_cm":611,"minecraft:time_since_death":9142,"minecraft:total_world_time":126079,"minecraft:damage_resisted":56320,"minecraft:fall_one_cm":24362},"minecraft:broken":{"minecraft:stone_pickaxe":1},"minecraft:killed":{"minecraft:skeleton":1,"minecraft:zombie":7,"minecraft:spider":6,"minecraft:creeper":2},"minecraft:killed_by":{"minecraft:player":5,"minecraft:zombie":1},"minecraft:mined":{"minecraft:fire":1,"minecraft:granite":12,"minecraft:coal_ore":6,"minecraft:short_grass":13,"minecraft:grass_block":11,"minecraft:poppy":1,"minecraft:gravel":4,"minecraft:dirt":41,"minecraft:copper_ore":11,"minecraft:tall_grass":8,"minecraft:cobblestone":25,"minecraft:stone":68,"minecraft:diorite":7},"minecraft:picked_up":{"minecraft:milk_bucket":3,"minecraft:splash_potion":14,"minecraft:gravel":4,"minecraft:diorite":7,"minecraft:gunpowder":2,"minecraft:string":8,"minecraft:dirt":63,"minecraft:spider_eye":2,"minecraft:raw_copper":42,"minecraft:arrow":2,"minecraft:stone_sword":1,"minecraft:bone":2,"minecraft:sugar":124,"minecraft:rotten_flesh":8,"minecraft:stone_axe":1,"minecraft:bow":4,"minecraft:wheat_seeds":9,"minecraft:granite":12,"minecraft:oak_boat":3,"minecraft:poppy":1,"minecraft:coal":6,"minecraft:cobblestone":88},"minecraft:dropped":{"minecraft:poppy":1,"minecraft:wheat_seeds":1,"minecraft:stone_sword":1,"minecraft:bow":3,"minecraft:sugar":123,"minecraft:bone":1},"minecraft:used":{"minecraft:stone_sword":135,"minecraft:bread":5,"minecraft:stone_shovel":36,"minecraft:stone_pickaxe":132,"minecraft:stone":128,"minecraft:stone_axe":43,"minecraft:dirt":63,"minecraft:cobblestone":49,"minecraft:bow":167,"minecraft:oak_boat":3,"minecraft:splash_potion":12}},"DataVersion":3953}