{"stats":{"minecraft:mined":{"minecraft:grass_block":4,"minecraft:stone":18},"minecraft:killed_by":{"minecraft:player":1},"minecraft:killed":{"minecraft:zombie":2,"minecraft:spider":2},"minecraft:dropped":{"minecraft:rotten_flesh":1,"minecraft:bow":2,"minecraft:arrow":1,"minecraft:sugar":221,"minecraft:splash_potion":6},"minecraft:custom":{"minecraft:time_since_rest":90192,"minecraft:sprint_one_cm":69983,"minecraft:damage_taken":545,"minecraft:walk_one_cm":158002,"minecraft:mob_kills":4,"minecraft:drop":42,"minecraft:damage_dealt":1625,"minecraft:interact_with_beacon":1,"minecraft:player_kills":3,"minecraft:fly_one_cm":221230,"minecraft:crouch_one_cm":12868,"minecraft:play_time":105454,"minecraft:deaths":1,"minecraft:sneak_time":2881,"minecraft:boat_one_cm":64368,"minecraft:jump":323,"minecraft:leave_game":2,"minecraft:time_since_death":89944,"minecraft:walk_on_water_one_cm":145,"minecraft:total_world_time":105454,"minecraft:fall_one_cm":840},"minecraft:used":{"minecraft:stone_sword":34,"minecraft:dirt_path":20,"minecraft:quartz_pillar":2,"minecraft:flint_and_steel":4,"minecraft:grass_block":207,"minecraft:bread":3,"minecraft:stone_pickaxe":18,"minecraft:stone":43,"minecraft:beacon":1,"minecraft:dirt":107,"minecraft:bow":10,"minecraft:tnt":6,"minecraft:oak_boat":10,"minecraft:snowball":381,"minecraft:splash_potion":106,"minecraft:cyan_stained_glass":1},"minecraft:picked_up":{"minecraft:dandelion":2,"minecraft:dirt":48,"minecraft:bone":1,"minecraft:sugar":53,"minecraft:rotten_flesh":1,"minecraft:bow":1,"minecraft:wheat_seeds":3,"minecraft:cobblestone":18}},"DataVersion":3953}