{"stats":{"minecraft:custom":{"minecraft:time_since_rest":240146,"minecraft:interact_with_furnace":3,"minecraft:sprint_one_cm":165194,"minecraft:damage_taken":545,"minecraft:walk_one_cm":297826,"minecraft:mob_kills":4,"minecraft:drop":92,"minecraft:damage_dealt":3441,"minecraft:interact_with_beacon":1,"minecraft:interact_with_crafting_table":1,"minecraft:player_kills":12,"minecraft:fly_one_cm":2324487,"minecraft:crouch_one_cm":38027,"minecraft:play_time":255408,"minecraft:deaths":1,"minecraft:sneak_time":13597,"minecraft:walk_under_water_one_cm":4826,"minecraft:boat_one_cm":64368,"minecraft:jump":866,"minecraft:leave_game":2,"minecraft:walk_on_water_one_cm":4260,"minecraft:time_since_death":239867,"minecraft:total_world_time":255408,"minecraft:fall_one_cm":840},"minecraft:killed":{"minecraft:zombie":2,"minecraft:spider":2},"minecraft:mined":{"minecraft:grass_block":4,"minecraft:stone":18},"minecraft:killed_by":{"minecraft:player":1},"minecraft:picked_up":{"minecraft:splash_potion":3,"minecraft:salmon":9,"minecraft:torch":1,"minecraft:dandelion":3,"minecraft:quartz_pillar":4,"minecraft:dirt":55,"minecraft:lantern":2,"minecraft:quartz_slab":4,"minecraft:bone":1,"minecraft:sugar":146,"minecraft:rotten_flesh":1,"minecraft:bow":1,"minecraft:wheat_seeds":6,"minecraft:ender_eye":2,"minecraft:quartz_stairs":4,"minecraft:coal":1,"minecraft:cobblestone":18},"minecraft:dropped":{"minecraft:rotten_flesh":1,"minecraft:bow":2,"minecraft:arrow":1,"minecraft:sugar":222,"minecraft:salmon":9,"minecraft:splash_potion":53,"minecraft:coal":1},"minecraft:used":{"minecraft:short_grass":1,"minecraft:ender_eye":12,"minecraft:netherite_sword":22,"minecraft:stone_sword":34,"minecraft:dirt_path":20,"minecraft:quartz_pillar":6,"minecraft:mace":3,"minecraft:flint_and_steel":4,"minecraft:quartz_slab":5,"minecraft:lantern":2,"minecraft:grass_block":499,"minecraft:bread":3,"minecraft:stone_pickaxe":18,"minecraft:jungle_fence":1,"minecraft:ender_pearl":8,"minecraft:stone":43,"minecraft:beacon":1,"minecraft:quartz_stairs":5,"minecraft:bedrock":53,"minecraft:torch":1,"minecraft:dirt":121,"minecraft:cobblestone":33,"minecraft:bow":27,"minecraft:tnt":6,"minecraft:oak_boat":10,"minecraft:snowball":381,"minecraft:splash_potion":181,"minecraft:cyan_stained_glass":2}},"DataVersion":3953}