{"stats":{"minecraft:dropped":{"minecraft:iron_axe":2,"minecraft:splash_potion":3},"minecraft:custom":{"minecraft:time_since_rest":65254,"minecraft:crouch_one_cm":9659,"minecraft:sprint_one_cm":24264,"minecraft:play_time":65254,"minecraft:walk_one_cm":61346,"minecraft:sneak_time":5678,"minecraft:walk_under_water_one_cm":7748,"minecraft:drop":5,"minecraft:damage_dealt_resisted":6,"minecraft:jump":233,"minecraft:damage_dealt":273,"minecraft:leave_game":1,"minecraft:walk_on_water_one_cm":1983,"minecraft:time_since_death":65211,"minecraft:total_world_time":65254,"minecraft:player_kills":1,"minecraft:fall_one_cm":209,"minecraft:fly_one_cm":571998},"minecraft:used":{"minecraft:creeper_spawn_egg":6,"minecraft:torch":1,"minecraft:netherite_sword":1,"minecraft:diamond_block":17,"minecraft:lava_bucket":19,"minecraft:dirt":49,"minecraft:bow":5,"minecraft:quartz_pillar":13,"minecraft:grass_block":292,"minecraft:cobblestone_wall":1,"minecraft:birch_log":3,"minecraft:oak_sign":5,"minecraft:quartz_stairs":16,"minecraft:splash_potion":34},"minecraft:picked_up":{"minecraft:iron_axe":1,"minecraft:splash_potion":3,"minecraft:torch":2,"minecraft:dirt":26,"minecraft:egg":1}},"DataVersion":3953}