{"stats":{"minecraft:custom":{"minecraft:interact_with_furnace":11,"minecraft:mob_kills":6,"minecraft:interact_with_crafting_table":1,"minecraft:leave_game":2,"minecraft:time_since_death":275867,"minecraft:time_since_rest":276146,"minecraft:sprint_one_cm":170639,"minecraft:walk_one_cm":309267,"minecraft:damage_taken":545,"minecraft:drop":103,"minecraft:damage_dealt":3741,"minecraft:interact_with_beacon":1,"minecraft:fly_one_cm":4113725,"minecraft:player_kills":12,"minecraft:crouch_one_cm":43110,"minecraft:play_time":291408,"minecraft:deaths":1,"minecraft:sneak_time":16594,"minecraft:walk_under_water_one_cm":20417,"minecraft:boat_one_cm":64368,"minecraft:jump":949,"minecraft:walk_on_water_one_cm":7214,"minecraft:total_world_time":291408,"minecraft:fish_caught":3,"minecraft:fall_one_cm":840},"minecraft:killed":{"minecraft:pig":1,"minecraft:spider":2,"minecraft:zombie":2,"minecraft:drowned":1},"minecraft:mined":{"minecraft:grass_block":4,"minecraft:stone":18},"minecraft:killed_by":{"minecraft:player":1},"minecraft:picked_up":{"minecraft:splash_potion":3,"minecraft:salmon":10,"minecraft:enchanted_book":2,"minecraft:dirt":55,"minecraft:lantern":2,"minecraft:quartz_slab":4,"minecraft:bone":1,"minecraft:kelp":1,"minecraft:bow":1,"minecraft:wheat_seeds":6,"minecraft:ender_eye":2,"minecraft:quartz_stairs":4,"minecraft:torch":1,"minecraft:dandelion":3,"minecraft:porkchop":6,"minecraft:quartz_pillar":4,"minecraft:rotten_flesh":2,"minecraft:sugar":146,"minecraft:cooked_cod":1,"minecraft:oak_sapling":1,"minecraft:coal":2,"minecraft:cod":2,"minecraft:cobblestone":18},"minecraft:dropped":{"minecraft:enchanted_book":2,"minecraft:porkchop":6,"minecraft:rotten_flesh":2,"minecraft:salmon":19,"minecraft:coal":2,"minecraft:cod":2,"minecraft:cooked_cod":1,"minecraft:arrow":1,"minecraft:bow":2,"minecraft:sugar":222,"minecraft:splash_potion":53},"minecraft:used":{"minecraft:short_grass":1,"minecraft:netherite_sword":25,"minecraft:cow_spawn_egg":5,"minecraft:stone_sword":34,"minecraft:dirt_path":20,"minecraft:flint_and_steel":4,"minecraft:stone_pickaxe":18,"minecraft:jungle_fence":1,"minecraft:ender_pearl":8,"minecraft:stone":43,"minecraft:quartz_stairs":5,"minecraft:beacon":1,"minecraft:sheep_spawn_egg":6,"minecraft:torch":1,"minecraft:dirt":121,"minecraft:tnt":6,"minecraft:snowball":381,"minecraft:cyan_stained_glass":2,"minecraft:glass":4,"minecraft:ender_eye":12,"minecraft:quartz_pillar":6,"minecraft:mace":3,"minecraft:quartz_slab":5,"minecraft:lantern":2,"minecraft:grass_block":499,"minecraft:bread":3,"minecraft:pig_spawn_egg":4,"minecraft:bedrock":53,"minecraft:fishing_rod":10,"minecraft:cobblestone":33,"minecraft:bow":28,"minecraft:oak_sapling":1,"minecraft:oak_boat":10,"minecraft:splash_potion":181}},"DataVersion":3953}