{"stats":{"minecraft:mined":{"minecraft:grass_block":4,"minecraft:stone":18},"minecraft:killed_by":{"minecraft:player":1},"minecraft:killed":{"minecraft:zombie":2,"minecraft:spider":2},"minecraft:dropped":{"minecraft:rotten_flesh":1,"minecraft:bow":2,"minecraft:arrow":1,"minecraft:sugar":221,"minecraft:splash_potion":38},"minecraft:custom":{"minecraft:time_since_rest":114192,"minecraft:sprint_one_cm":84299,"minecraft:damage_taken":545,"minecraft:walk_one_cm":183138,"minecraft:mob_kills":4,"minecraft:drop":74,"minecraft:damage_dealt":2837,"minecraft:interact_with_beacon":1,"minecraft:player_kills":9,"minecraft:fly_one_cm":467864,"minecraft:crouch_one_cm":17961,"minecraft:play_time":129454,"minecraft:deaths":1,"minecraft:sneak_time":4707,"minecraft:boat_one_cm":64368,"minecraft:jump":403,"minecraft:leave_game":2,"minecraft:time_since_death":113923,"minecraft:walk_on_water_one_cm":145,"minecraft:total_world_time":129454,"minecraft:fall_one_cm":840},"minecraft:used":{"minecraft:short_grass":1,"minecraft:netherite_sword":13,"minecraft:stone_sword":34,"minecraft:dirt_path":20,"minecraft:quartz_pillar":2,"minecraft:mace":1,"minecraft:flint_and_steel":4,"minecraft:grass_block":341,"minecraft:bread":3,"minecraft:stone_pickaxe":18,"minecraft:ender_pearl":1,"minecraft:stone":43,"minecraft:beacon":1,"minecraft:dirt":121,"minecraft:cobblestone":33,"minecraft:bow":21,"minecraft:tnt":6,"minecraft:oak_boat":10,"minecraft:snowball":381,"minecraft:splash_potion":124,"minecraft:cyan_stained_glass":1},"minecraft:picked_up":{"minecraft:splash_potion":2,"minecraft:dandelion":2,"minecraft:dirt":50,"minecraft:bone":1,"minecraft:sugar":83,"minecraft:rotten_flesh":1,"minecraft:bow":1,"minecraft:wheat_seeds":3,"minecraft:cobblestone":18}},"DataVersion":3953}