{"stats":{"minecraft:dropped":{"minecraft:bread":192,"minecraft:iron_axe":2,"minecraft:paper":12,"minecraft:diamond":21,"minecraft:splash_potion":3,"minecraft:coal":2,"minecraft:stick":1,"minecraft:suspicious_stew":1},"minecraft:custom":{"minecraft:time_since_rest":77254,"minecraft:crouch_one_cm":10588,"minecraft:sprint_one_cm":27711,"minecraft:play_time":77254,"minecraft:walk_one_cm":71510,"minecraft:sneak_time":6804,"minecraft:walk_under_water_one_cm":10809,"minecraft:drop":18,"minecraft:damage_dealt_resisted":6,"minecraft:jump":254,"minecraft:damage_dealt":293,"minecraft:leave_game":1,"minecraft:walk_on_water_one_cm":5158,"minecraft:time_since_death":77211,"minecraft:total_world_time":77254,"minecraft:player_kills":1,"minecraft:fall_one_cm":209,"minecraft:fly_one_cm":759321,"minecraft:open_chest":1},"minecraft:used":{"minecraft:creeper_spawn_egg":7,"minecraft:torch":1,"minecraft:netherite_sword":1,"minecraft:diamond_block":17,"minecraft:lava_bucket":19,"minecraft:dirt":49,"minecraft:bow":5,"minecraft:quartz_pillar":13,"minecraft:grass_block":292,"minecraft:cobblestone_wall":1,"minecraft:birch_log":3,"minecraft:oak_sign":5,"minecraft:quartz_stairs":16,"minecraft:splash_potion":34},"minecraft:picked_up":{"minecraft:iron_axe":1,"minecraft:splash_potion":3,"minecraft:diamond":9,"minecraft:torch":2,"minecraft:bread":64,"minecraft:dirt":26,"minecraft:egg":1}},"DataVersion":3953}