{"stats":{"minecraft:used":{"minecraft:creeper_spawn_egg":1,"minecraft:netherite_sword":1,"minecraft:birch_log":3,"minecraft:dirt":49,"minecraft:splash_potion":32,"minecraft:grass_block":284},"minecraft:custom":{"minecraft:jump":158,"minecraft:time_since_rest":35254,"minecraft:damage_dealt":243,"minecraft:crouch_one_cm":3738,"minecraft:leave_game":1,"minecraft:play_time":35254,"minecraft:sprint_one_cm":16196,"minecraft:time_since_death":35211,"minecraft:walk_on_water_one_cm":1380,"minecraft:walk_one_cm":41271,"minecraft:sneak_time":2851,"minecraft:total_world_time":35254,"minecraft:walk_under_water_one_cm":5347,"minecraft:damage_dealt_resisted":6,"minecraft:fall_one_cm":209,"minecraft:fly_one_cm":375529},"minecraft:picked_up":{"minecraft:dirt":10,"minecraft:egg":1}},"DataVersion":3953}