{"stats":{"minecraft:used":{"minecraft:creeper_spawn_egg":1,"minecraft:netherite_sword":1,"minecraft:birch_log":3,"minecraft:dirt":49,"minecraft:splash_potion":32,"minecraft:grass_block":284},"minecraft:custom":{"minecraft:jump":131,"minecraft:time_since_rest":23254,"minecraft:damage_dealt":243,"minecraft:crouch_one_cm":2765,"minecraft:leave_game":1,"minecraft:play_time":23254,"minecraft:sprint_one_cm":12521,"minecraft:time_since_death":23211,"minecraft:walk_on_water_one_cm":988,"minecraft:walk_one_cm":38242,"minecraft:sneak_time":1933,"minecraft:total_world_time":23254,"minecraft:walk_under_water_one_cm":1939,"minecraft:damage_dealt_resisted":6,"minecraft:fall_one_cm":209,"minecraft:fly_one_cm":200640},"minecraft:picked_up":{"minecraft:dirt":10,"minecraft:egg":1}},"DataVersion":3953}