{"stats":{"minecraft:custom":{"minecraft:time_since_rest":132167,"minecraft:sprint_one_cm":107965,"minecraft:walk_one_cm":220570,"minecraft:damage_taken":545,"minecraft:mob_kills":4,"minecraft:drop":89,"minecraft:damage_dealt":3047,"minecraft:interact_with_beacon":1,"minecraft:player_kills":10,"minecraft:fly_one_cm":560193,"minecraft:crouch_one_cm":22184,"minecraft:play_time":147429,"minecraft:deaths":1,"minecraft:sneak_time":6638,"minecraft:boat_one_cm":64368,"minecraft:jump":463,"minecraft:leave_game":2,"minecraft:time_since_death":131896,"minecraft:walk_on_water_one_cm":329,"minecraft:total_world_time":147429,"minecraft:fall_one_cm":840},"minecraft:killed":{"minecraft:zombie":2,"minecraft:spider":2},"minecraft:mined":{"minecraft:grass_block":4,"minecraft:stone":18},"minecraft:killed_by":{"minecraft:player":1},"minecraft:picked_up":{"minecraft:splash_potion":3,"minecraft:dandelion":2,"minecraft:dirt":51,"minecraft:bone":1,"minecraft:sugar":145,"minecraft:rotten_flesh":1,"minecraft:bow":1,"minecraft:wheat_seeds":3,"minecraft:cobblestone":18},"minecraft:dropped":{"minecraft:rotten_flesh":1,"minecraft:bow":2,"minecraft:arrow":1,"minecraft:sugar":221,"minecraft:splash_potion":53},"minecraft:used":{"minecraft:short_grass":1,"minecraft:netherite_sword":15,"minecraft:stone_sword":34,"minecraft:dirt_path":20,"minecraft:quartz_pillar":2,"minecraft:mace":3,"minecraft:flint_and_steel":4,"minecraft:grass_block":493,"minecraft:bread":3,"minecraft:stone_pickaxe":18,"minecraft:ender_pearl":3,"minecraft:stone":43,"minecraft:beacon":1,"minecraft:bedrock":53,"minecraft:dirt":121,"minecraft:cobblestone":33,"minecraft:bow":27,"minecraft:tnt":6,"minecraft:oak_boat":10,"minecraft:snowball":381,"minecraft:splash_potion":174,"minecraft:cyan_stained_glass":1}},"DataVersion":3953}