{"stats":{"minecraft:crafted":{"minecraft:oak_planks":24,"minecraft:cooked_porkchop":5,"minecraft:diamond_axe":1,"minecraft:crafting_table":1,"minecraft:wooden_pickaxe":1,"minecraft:furnace":1,"minecraft:cooked_salmon":8,"minecraft:bucket":1,"minecraft:cooked_mutton":2,"minecraft:air":0,"minecraft:flint_and_steel":1,"minecraft:charcoal":2,"minecraft:diamond_pickaxe":1,"minecraft:stick":16,"minecraft:iron_ingot":12,"minecraft:iron_pickaxe":1,"minecraft:stone_pickaxe":1,"minecraft:wooden_axe":1,"minecraft:torch":4},"minecraft:custom":{"minecraft:interact_with_furnace":21,"minecraft:mob_kills":17,"minecraft:interact_with_crafting_table":8,"minecraft:leave_game":11,"minecraft:time_since_death":19587,"minecraft:time_since_rest":19611,"minecraft:sprint_one_cm":243436,"minecraft:walk_one_cm":109310,"minecraft:damage_taken":2329,"minecraft:damage_absorbed":40,"minecraft:drop":18,"minecraft:damage_dealt":998,"minecraft:swim_one_cm":77821,"minecraft:fly_one_cm":518618,"minecraft:open_chest":1,"minecraft:crouch_one_cm":12483,"minecraft:play_time":134325,"minecraft:deaths":5,"minecraft:sneak_time":8277,"minecraft:walk_under_water_one_cm":28063,"minecraft:jump":1806,"minecraft:walk_on_water_one_cm":27921,"minecraft:total_world_time":134325,"minecraft:fall_one_cm":74611},"minecraft:killed":{"minecraft:pig":2,"minecraft:salmon":12,"minecraft:sheep":2,"minecraft:zombie":1},"minecraft:mined":{"minecraft:deepslate_redstone_ore":44,"minecraft:white_bed":1,"minecraft:deepslate_diamond_ore":21,"minecraft:obsidian":18,"minecraft:crafting_table":6,"minecraft:torch":1,"minecraft:short_grass":7,"minecraft:nether_quartz_ore":6,"minecraft:tall_grass":7,"minecraft:cobblestone":17,"minecraft:deepslate_gold_ore":24,"minecraft:wall_torch":2,"minecraft:furnace":2,"minecraft:fire":6,"minecraft:iron_ore":17,"minecraft:cobbled_deepslate":24,"minecraft:deepslate_lapis_ore":14,"minecraft:gold_block":1,"minecraft:oak_log":44,"minecraft:coal_ore":31,"minecraft:deepslate_iron_ore":23,"minecraft:stone":11,"minecraft:netherrack":2,"minecraft:oak_leaves":24,"minecraft:deepslate":57},"minecraft:picked_up":{"minecraft:crafting_table":6,"minecraft:salmon":12,"minecraft:yellow_dye":2,"minecraft:gold_block":1,"minecraft:oak_log":41,"minecraft:lapis_lazuli":98,"minecraft:dirt":4,"minecraft:cooked_salmon":13,"minecraft:wheat_seeds":6,"minecraft:cobbled_deepslate":76,"minecraft:raw_gold":24,"minecraft:furnace":2,"minecraft:raw_iron":40,"minecraft:torch":4,"minecraft:quartz":6,"minecraft:porkchop":5,"minecraft:white_bed":1,"minecraft:redstone":200,"minecraft:sugar":8,"minecraft:cooked_cod":1,"minecraft:diamond":23,"minecraft:bone_meal":1,"minecraft:gray_wool":1,"minecraft:netherrack":2,"minecraft:oak_sapling":1,"minecraft:obsidian":18,"minecraft:mutton":2,"minecraft:coal":31,"minecraft:white_wool":1,"minecraft:cobblestone":28},"minecraft:dropped":{"minecraft:furnace":1,"minecraft:wheat_seeds":2,"minecraft:diamond":1,"minecraft:dirt":4,"minecraft:milk_bucket":5,"minecraft:wooden_axe":1,"minecraft:stone_pickaxe":1,"minecraft:wooden_pickaxe":1,"minecraft:netherrack":2,"minecraft:splash_potion":5},"minecraft:used":{"minecraft:cooked_mutton":2,"minecraft:water_bucket":18,"minecraft:flint_and_steel":1,"minecraft:stone_pickaxe":56,"minecraft:wooden_pickaxe":3,"minecraft:diamond_axe":34,"minecraft:cooked_salmon":3,"minecraft:torch":4,"minecraft:golden_apple":1,"minecraft:crafting_table":6,"minecraft:milk_bucket":2,"minecraft:obsidian":1,"minecraft:oak_log":4,"minecraft:wooden_axe":46,"minecraft:diamond_pickaxe":21,"minecraft:iron_pickaxe":232,"minecraft:cobblestone":9,"minecraft:cooked_cod":1,"minecraft:furnace":2,"minecraft:cooked_porkchop":5,"minecraft:bucket":19,"minecraft:cobbled_deepslate":23,"minecraft:splash_potion":69}},"DataVersion":3953}