{"stats":{"minecraft:crafted":{"minecraft:oak_planks":24,"minecraft:crafting_table":1,"minecraft:stick":12,"minecraft:iron_pickaxe":1,"minecraft:iron_ingot":5,"minecraft:wooden_pickaxe":1,"minecraft:stone_pickaxe":1,"minecraft:wooden_axe":1,"minecraft:furnace":1,"minecraft:torch":4,"minecraft:air":0},"minecraft:custom":{"minecraft:time_since_rest":3397,"minecraft:interact_with_furnace":4,"minecraft:sprint_one_cm":95015,"minecraft:damage_absorbed":40,"minecraft:damage_taken":1041,"minecraft:walk_one_cm":66741,"minecraft:mob_kills":4,"minecraft:drop":12,"minecraft:damage_dealt":449,"minecraft:swim_one_cm":5928,"minecraft:interact_with_crafting_table":5,"minecraft:fly_one_cm":243277,"minecraft:open_chest":1,"minecraft:crouch_one_cm":5873,"minecraft:play_time":80325,"minecraft:deaths":2,"minecraft:sneak_time":3698,"minecraft:walk_under_water_one_cm":2302,"minecraft:jump":524,"minecraft:leave_game":11,"minecraft:walk_on_water_one_cm":6464,"minecraft:time_since_death":3367,"minecraft:total_world_time":80325,"minecraft:fall_one_cm":32911},"minecraft:killed":{"minecraft:sheep":2,"minecraft:pig":2},"minecraft:mined":{"minecraft:deepslate_redstone_ore":4,"minecraft:deepslate_diamond_ore":6,"minecraft:iron_ore":7,"minecraft:crafting_table":2,"minecraft:short_grass":6,"minecraft:coal_ore":31,"minecraft:oak_log":16,"minecraft:deepslate_iron_ore":5,"minecraft:tall_grass":7,"minecraft:stone":11,"minecraft:deepslate":1,"minecraft:oak_leaves":19},"minecraft:picked_up":{"minecraft:crafting_table":2,"minecraft:raw_iron":12,"minecraft:yellow_dye":2,"minecraft:porkchop":5,"minecraft:oak_log":16,"minecraft:redstone":17,"minecraft:dirt":4,"minecraft:sugar":8,"minecraft:diamond":6,"minecraft:wheat_seeds":4,"minecraft:cobbled_deepslate":1,"minecraft:gray_wool":1,"minecraft:oak_sapling":1,"minecraft:mutton":2,"minecraft:coal":31,"minecraft:white_wool":1,"minecraft:cobblestone":11},"minecraft:dropped":{"minecraft:dirt":4,"minecraft:wheat_seeds":2,"minecraft:milk_bucket":5,"minecraft:splash_potion":5},"minecraft:used":{"minecraft:wooden_axe":18,"minecraft:stone_pickaxe":51,"minecraft:iron_pickaxe":11,"minecraft:wooden_pickaxe":3,"minecraft:golden_apple":1,"minecraft:crafting_table":3,"minecraft:furnace":1,"minecraft:splash_potion":69,"minecraft:milk_bucket":2}},"DataVersion":3953}