{"stats":{"minecraft:custom":{"minecraft:jump":46,"minecraft:time_since_rest":25131,"minecraft:damage_dealt":19,"minecraft:crouch_one_cm":1370,"minecraft:leave_game":7,"minecraft:sprint_one_cm":22773,"minecraft:play_time":25131,"minecraft:damage_taken":130,"minecraft:time_since_death":22616,"minecraft:walk_one_cm":23329,"minecraft:sneak_time":640,"minecraft:total_world_time":25131,"minecraft:drop":10,"minecraft:fall_one_cm":12766,"minecraft:fly_one_cm":112902},"minecraft:mined":{"minecraft:tall_grass":3},"minecraft:picked_up":{"minecraft:sugar":8,"minecraft:wheat_seeds":2},"minecraft:dropped":{"minecraft:splash_potion":5,"minecraft:milk_bucket":5},"minecraft:used":{"minecraft:splash_potion":69,"minecraft:milk_bucket":2}},"DataVersion":3953}