{"stats":{"minecraft:used":{"minecraft:splash_potion":69,"minecraft:milk_bucket":2},"minecraft:dropped":{"minecraft:splash_potion":5,"minecraft:milk_bucket":2},"minecraft:picked_up":{"minecraft:sugar":8},"minecraft:custom":{"minecraft:jump":41,"minecraft:time_since_rest":18289,"minecraft:crouch_one_cm":1370,"minecraft:leave_game":6,"minecraft:sprint_one_cm":21405,"minecraft:play_time":18289,"minecraft:damage_taken":120,"minecraft:time_since_death":15774,"minecraft:walk_one_cm":16321,"minecraft:sneak_time":640,"minecraft:total_world_time":18289,"minecraft:drop":7,"minecraft:fall_one_cm":12557,"minecraft:fly_one_cm":111848}},"DataVersion":3953}