{"stats":{"minecraft:crafted":{"minecraft:oak_planks":24,"minecraft:cooked_porkchop":5,"minecraft:diamond_axe":1,"minecraft:crafting_table":1,"minecraft:wooden_pickaxe":1,"minecraft:furnace":1,"minecraft:cooked_salmon":8,"minecraft:bucket":1,"minecraft:cooked_mutton":2,"minecraft:air":0,"minecraft:flint_and_steel":1,"minecraft:charcoal":2,"minecraft:diamond_pickaxe":1,"minecraft:stick":16,"minecraft:iron_ingot":12,"minecraft:iron_pickaxe":1,"minecraft:stone_pickaxe":1,"minecraft:wooden_axe":1,"minecraft:torch":4},"minecraft:custom":{"minecraft:interact_with_furnace":21,"minecraft:mob_kills":20,"minecraft:interact_with_crafting_table":8,"minecraft:leave_game":11,"minecraft:time_since_death":43587,"minecraft:time_since_rest":43611,"minecraft:sprint_one_cm":401268,"minecraft:walk_one_cm":124100,"minecraft:damage_taken":2755,"minecraft:damage_absorbed":40,"minecraft:drop":20,"minecraft:damage_dealt":1316,"minecraft:swim_one_cm":126292,"minecraft:fly_one_cm":767629,"minecraft:open_chest":2,"minecraft:crouch_one_cm":12639,"minecraft:play_time":158325,"minecraft:deaths":5,"minecraft:sneak_time":8456,"minecraft:walk_under_water_one_cm":30154,"minecraft:jump":2781,"minecraft:walk_on_water_one_cm":32497,"minecraft:total_world_time":158325,"minecraft:fall_one_cm":100237},"minecraft:killed":{"minecraft:pig":2,"minecraft:salmon":12,"minecraft:spider":1,"minecraft:sheep":4,"minecraft:zombie":1},"minecraft:mined":{"minecraft:deepslate_redstone_ore":44,"minecraft:white_bed":1,"minecraft:deepslate_diamond_ore":21,"minecraft:obsidian":18,"minecraft:crafting_table":6,"minecraft:torch":1,"minecraft:short_grass":7,"minecraft:nether_quartz_ore":6,"minecraft:tall_grass":7,"minecraft:cobblestone":17,"minecraft:deepslate_gold_ore":24,"minecraft:sugar_cane":4,"minecraft:wall_torch":2,"minecraft:furnace":2,"minecraft:fire":6,"minecraft:iron_ore":17,"minecraft:cobbled_deepslate":24,"minecraft:deepslate_lapis_ore":14,"minecraft:gold_block":1,"minecraft:oak_log":54,"minecraft:coal_ore":36,"minecraft:deepslate_iron_ore":23,"minecraft:stone":12,"minecraft:netherrack":2,"minecraft:oak_leaves":28,"minecraft:deepslate":57},"minecraft:picked_up":{"minecraft:crafting_table":6,"minecraft:salmon":12,"minecraft:yellow_dye":2,"minecraft:gold_block":1,"minecraft:oak_log":51,"minecraft:lapis_lazuli":98,"minecraft:dirt":4,"minecraft:cooked_salmon":13,"minecraft:wheat_seeds":6,"minecraft:cobbled_deepslate":76,"minecraft:raw_gold":24,"minecraft:sugar_cane":6,"minecraft:furnace":2,"minecraft:raw_iron":40,"minecraft:torch":4,"minecraft:quartz":6,"minecraft:porkchop":5,"minecraft:white_bed":1,"minecraft:redstone":200,"minecraft:sugar":8,"minecraft:cooked_cod":1,"minecraft:diamond":23,"minecraft:bone_meal":1,"minecraft:gray_wool":1,"minecraft:netherrack":2,"minecraft:oak_sapling":1,"minecraft:obsidian":18,"minecraft:mutton":4,"minecraft:coal":36,"minecraft:white_wool":3,"minecraft:cobblestone":37},"minecraft:dropped":{"minecraft:furnace":1,"minecraft:wheat_seeds":5,"minecraft:diamond":1,"minecraft:cobblestone":8,"minecraft:dirt":4,"minecraft:milk_bucket":5,"minecraft:wooden_axe":1,"minecraft:stone_pickaxe":1,"minecraft:wooden_pickaxe":1,"minecraft:netherrack":2,"minecraft:splash_potion":5},"minecraft:used":{"minecraft:cooked_mutton":2,"minecraft:water_bucket":18,"minecraft:flint_and_steel":1,"minecraft:stone_pickaxe":56,"minecraft:wooden_pickaxe":3,"minecraft:diamond_axe":55,"minecraft:cooked_salmon":14,"minecraft:torch":4,"minecraft:golden_apple":1,"minecraft:crafting_table":6,"minecraft:milk_bucket":2,"minecraft:obsidian":1,"minecraft:oak_log":4,"minecraft:wooden_axe":46,"minecraft:diamond_pickaxe":21,"minecraft:iron_pickaxe":240,"minecraft:cobblestone":9,"minecraft:cooked_cod":1,"minecraft:furnace":2,"minecraft:cooked_porkchop":5,"minecraft:bucket":19,"minecraft:cobbled_deepslate":23,"minecraft:splash_potion":69}},"DataVersion":3953}