{"stats":{"minecraft:crafted":{"minecraft:oak_planks":24,"minecraft:cooked_porkchop":5,"minecraft:crafting_table":1,"minecraft:wooden_pickaxe":1,"minecraft:furnace":1,"minecraft:bucket":1,"minecraft:cooked_mutton":2,"minecraft:air":0,"minecraft:diamond_pickaxe":1,"minecraft:stick":12,"minecraft:iron_ingot":12,"minecraft:iron_pickaxe":1,"minecraft:stone_pickaxe":1,"minecraft:wooden_axe":1,"minecraft:torch":4},"minecraft:custom":{"minecraft:interact_with_furnace":12,"minecraft:mob_kills":4,"minecraft:interact_with_crafting_table":7,"minecraft:leave_game":11,"minecraft:time_since_death":8827,"minecraft:time_since_rest":8871,"minecraft:sprint_one_cm":122846,"minecraft:walk_one_cm":77309,"minecraft:damage_taken":1318,"minecraft:damage_absorbed":40,"minecraft:drop":14,"minecraft:damage_dealt":449,"minecraft:swim_one_cm":13989,"minecraft:fly_one_cm":298704,"minecraft:open_chest":1,"minecraft:crouch_one_cm":7414,"minecraft:play_time":92325,"minecraft:deaths":3,"minecraft:sneak_time":4737,"minecraft:walk_under_water_one_cm":9292,"minecraft:jump":771,"minecraft:walk_on_water_one_cm":13517,"minecraft:total_world_time":92325,"minecraft:fall_one_cm":41011},"minecraft:killed":{"minecraft:pig":2,"minecraft:sheep":2},"minecraft:mined":{"minecraft:deepslate_redstone_ore":13,"minecraft:deepslate_diamond_ore":16,"minecraft:obsidian":4,"minecraft:crafting_table":5,"minecraft:short_grass":6,"minecraft:tall_grass":7,"minecraft:cobblestone":14,"minecraft:deepslate_gold_ore":7,"minecraft:furnace":2,"minecraft:iron_ore":7,"minecraft:cobbled_deepslate":20,"minecraft:oak_log":16,"minecraft:coal_ore":31,"minecraft:deepslate_iron_ore":5,"minecraft:stone":11,"minecraft:oak_leaves":19,"minecraft:deepslate":29},"minecraft:picked_up":{"minecraft:crafting_table":5,"minecraft:yellow_dye":2,"minecraft:oak_log":16,"minecraft:dirt":4,"minecraft:wheat_seeds":4,"minecraft:cobbled_deepslate":44,"minecraft:raw_gold":7,"minecraft:furnace":2,"minecraft:raw_iron":12,"minecraft:porkchop":5,"minecraft:redstone":58,"minecraft:sugar":8,"minecraft:diamond":17,"minecraft:gray_wool":1,"minecraft:oak_sapling":1,"minecraft:obsidian":4,"minecraft:mutton":2,"minecraft:coal":31,"minecraft:white_wool":1,"minecraft:cobblestone":25},"minecraft:dropped":{"minecraft:wheat_seeds":2,"minecraft:dirt":4,"minecraft:milk_bucket":5,"minecraft:stone_pickaxe":1,"minecraft:wooden_pickaxe":1,"minecraft:splash_potion":5},"minecraft:used":{"minecraft:cooked_mutton":2,"minecraft:water_bucket":3,"minecraft:stone_pickaxe":56,"minecraft:wooden_pickaxe":3,"minecraft:golden_apple":1,"minecraft:crafting_table":5,"minecraft:milk_bucket":2,"minecraft:wooden_axe":21,"minecraft:diamond_pickaxe":4,"minecraft:iron_pickaxe":96,"minecraft:cobblestone":6,"minecraft:furnace":2,"minecraft:bucket":3,"minecraft:cobbled_deepslate":17,"minecraft:splash_potion":69}},"DataVersion":3953}