{"stats":{"minecraft:custom":{"minecraft:time_since_rest":57563,"minecraft:crouch_one_cm":1856,"minecraft:play_time":57563,"minecraft:sprint_one_cm":29066,"minecraft:damage_taken":211,"minecraft:walk_one_cm":52343,"minecraft:sneak_time":750,"minecraft:drop":12,"minecraft:jump":61,"minecraft:damage_dealt":89,"minecraft:leave_game":10,"minecraft:time_since_death":48061,"minecraft:total_world_time":57563,"minecraft:fly_one_cm":116656,"minecraft:fall_one_cm":13250},"minecraft:mined":{"minecraft:short_grass":4,"minecraft:tall_grass":6},"minecraft:picked_up":{"minecraft:sugar":8,"minecraft:yellow_dye":2,"minecraft:wheat_seeds":3,"minecraft:dirt":4},"minecraft:dropped":{"minecraft:dirt":4,"minecraft:wheat_seeds":2,"minecraft:milk_bucket":5,"minecraft:splash_potion":5},"minecraft:used":{"minecraft:splash_potion":69,"minecraft:milk_bucket":2}},"DataVersion":3953}