{"stats":{"minecraft:crafted":{"minecraft:oak_planks":24,"minecraft:cooked_porkchop":5,"minecraft:crafting_table":1,"minecraft:wooden_pickaxe":1,"minecraft:furnace":1,"minecraft:bucket":1,"minecraft:cooked_mutton":2,"minecraft:air":0,"minecraft:flint_and_steel":1,"minecraft:diamond_pickaxe":1,"minecraft:stick":12,"minecraft:iron_ingot":12,"minecraft:iron_pickaxe":1,"minecraft:stone_pickaxe":1,"minecraft:wooden_axe":1,"minecraft:torch":4},"minecraft:custom":{"minecraft:interact_with_furnace":12,"minecraft:mob_kills":5,"minecraft:interact_with_crafting_table":7,"minecraft:leave_game":11,"minecraft:time_since_death":4314,"minecraft:time_since_rest":4341,"minecraft:sprint_one_cm":165021,"minecraft:walk_one_cm":93115,"minecraft:damage_taken":1849,"minecraft:damage_absorbed":40,"minecraft:drop":14,"minecraft:damage_dealt":638,"minecraft:swim_one_cm":18579,"minecraft:fly_one_cm":365001,"minecraft:open_chest":1,"minecraft:crouch_one_cm":10921,"minecraft:play_time":110325,"minecraft:deaths":4,"minecraft:sneak_time":7308,"minecraft:walk_under_water_one_cm":17357,"minecraft:jump":1181,"minecraft:walk_on_water_one_cm":19305,"minecraft:total_world_time":110325,"minecraft:fall_one_cm":53534},"minecraft:killed":{"minecraft:pig":2,"minecraft:sheep":2,"minecraft:zombie":1},"minecraft:mined":{"minecraft:deepslate_redstone_ore":44,"minecraft:deepslate_diamond_ore":21,"minecraft:obsidian":11,"minecraft:crafting_table":5,"minecraft:torch":1,"minecraft:short_grass":6,"minecraft:nether_quartz_ore":6,"minecraft:tall_grass":7,"minecraft:cobblestone":15,"minecraft:deepslate_gold_ore":24,"minecraft:furnace":2,"minecraft:iron_ore":17,"minecraft:cobbled_deepslate":24,"minecraft:deepslate_lapis_ore":14,"minecraft:gold_block":1,"minecraft:oak_log":16,"minecraft:coal_ore":31,"minecraft:deepslate_iron_ore":23,"minecraft:stone":11,"minecraft:netherrack":2,"minecraft:oak_leaves":19,"minecraft:deepslate":57},"minecraft:picked_up":{"minecraft:crafting_table":5,"minecraft:yellow_dye":2,"minecraft:gold_block":1,"minecraft:oak_log":16,"minecraft:lapis_lazuli":98,"minecraft:dirt":4,"minecraft:wheat_seeds":5,"minecraft:cobbled_deepslate":76,"minecraft:raw_gold":24,"minecraft:furnace":2,"minecraft:raw_iron":40,"minecraft:torch":2,"minecraft:quartz":6,"minecraft:porkchop":5,"minecraft:redstone":200,"minecraft:sugar":8,"minecraft:diamond":22,"minecraft:gray_wool":1,"minecraft:netherrack":2,"minecraft:oak_sapling":1,"minecraft:obsidian":8,"minecraft:mutton":2,"minecraft:coal":31,"minecraft:white_wool":1,"minecraft:cobblestone":25},"minecraft:dropped":{"minecraft:wheat_seeds":2,"minecraft:dirt":4,"minecraft:milk_bucket":5,"minecraft:stone_pickaxe":1,"minecraft:wooden_pickaxe":1,"minecraft:splash_potion":5},"minecraft:used":{"minecraft:cooked_mutton":2,"minecraft:water_bucket":18,"minecraft:flint_and_steel":1,"minecraft:stone_pickaxe":56,"minecraft:wooden_pickaxe":3,"minecraft:torch":2,"minecraft:golden_apple":1,"minecraft:crafting_table":5,"minecraft:milk_bucket":2,"minecraft:obsidian":1,"minecraft:wooden_axe":24,"minecraft:diamond_pickaxe":12,"minecraft:iron_pickaxe":232,"minecraft:cobblestone":9,"minecraft:furnace":2,"minecraft:cooked_porkchop":4,"minecraft:bucket":19,"minecraft:cobbled_deepslate":23,"minecraft:splash_potion":69}},"DataVersion":3953}