{"stats":{"minecraft:crafted":{"minecraft:oak_planks":36,"minecraft:cooked_porkchop":11,"minecraft:diamond_axe":1,"minecraft:crafting_table":1,"minecraft:wooden_pickaxe":1,"minecraft:furnace":1,"minecraft:cooked_salmon":8,"minecraft:bucket":1,"minecraft:cooked_mutton":2,"minecraft:air":0,"minecraft:flint_and_steel":1,"minecraft:charcoal":2,"minecraft:diamond_pickaxe":1,"minecraft:stick":20,"minecraft:iron_ingot":12,"minecraft:iron_pickaxe":1,"minecraft:stone_pickaxe":1,"minecraft:wooden_axe":1,"minecraft:chest":2,"minecraft:torch":4},"minecraft:broken":{"minecraft:golden_helmet":1,"minecraft:iron_pickaxe":1},"minecraft:custom":{"minecraft:interact_with_furnace":32,"minecraft:mob_kills":26,"minecraft:interact_with_crafting_table":9,"minecraft:open_barrel":2,"minecraft:leave_game":11,"minecraft:time_since_death":96411,"minecraft:sleep_in_bed":3,"minecraft:time_since_rest":12516,"minecraft:sprint_one_cm":624641,"minecraft:walk_one_cm":187142,"minecraft:damage_taken":4121,"minecraft:damage_absorbed":40,"minecraft:drop":27,"minecraft:damage_dealt":2147,"minecraft:swim_one_cm":195869,"minecraft:fly_one_cm":1210872,"minecraft:open_chest":23,"minecraft:crouch_one_cm":18389,"minecraft:play_time":260325,"minecraft:deaths":6,"minecraft:sneak_time":11164,"minecraft:walk_under_water_one_cm":39245,"minecraft:jump":4422,"minecraft:walk_on_water_one_cm":42964,"minecraft:total_world_time":260325,"minecraft:fall_one_cm":147949},"minecraft:killed":{"minecraft:pig":5,"minecraft:salmon":12,"minecraft:spider":2,"minecraft:sheep":4,"minecraft:skeleton":1,"minecraft:zombie":2},"minecraft:killed_by":{"minecraft:player":1},"minecraft:mined":{"minecraft:deepslate_redstone_ore":44,"minecraft:white_bed":2,"minecraft:deepslate_diamond_ore":21,"minecraft:obsidian":18,"minecraft:crafting_table":6,"minecraft:torch":1,"minecraft:short_grass":10,"minecraft:chest":2,"minecraft:nether_quartz_ore":6,"minecraft:tall_grass":7,"minecraft:cobblestone":22,"minecraft:deepslate_gold_ore":24,"minecraft:sugar_cane":7,"minecraft:wall_torch":2,"minecraft:furnace":2,"minecraft:barrel":2,"minecraft:fire":6,"minecraft:iron_ore":18,"minecraft:cobbled_deepslate":55,"minecraft:deepslate_lapis_ore":14,"minecraft:gold_block":1,"minecraft:oak_log":54,"minecraft:coal_ore":61,"minecraft:deepslate_iron_ore":23,"minecraft:sand":3,"minecraft:dirt":1,"minecraft:stone":24,"minecraft:netherrack":2,"minecraft:oak_leaves":28,"minecraft:deepslate":57},"minecraft:picked_up":{"minecraft:crafting_table":6,"minecraft:salmon":12,"minecraft:yellow_dye":2,"minecraft:gold_block":1,"minecraft:oak_log":51,"minecraft:string":2,"minecraft:lapis_lazuli":98,"minecraft:dirt":6,"minecraft:cooked_salmon":13,"minecraft:wheat_seeds":6,"minecraft:cobbled_deepslate":105,"minecraft:raw_gold":24,"minecraft:egg":1,"minecraft:sugar_cane":9,"minecraft:chest":2,"minecraft:furnace":2,"minecraft:raw_iron":41,"minecraft:sand":4,"minecraft:torch":5,"minecraft:quartz":6,"minecraft:porkchop":11,"minecraft:white_bed":2,"minecraft:redstone":200,"minecraft:barrel":2,"minecraft:sugar":8,"minecraft:cooked_cod":1,"minecraft:diamond":23,"minecraft:bone_meal":1,"minecraft:gray_wool":1,"minecraft:netherrack":2,"minecraft:oak_sapling":1,"minecraft:obsidian":18,"minecraft:mutton":4,"minecraft:coal":61,"minecraft:white_wool":3,"minecraft:cobblestone":55},"minecraft:dropped":{"minecraft:iron_ingot":3,"minecraft:furnace":1,"minecraft:wheat_seeds":5,"minecraft:diamond":1,"minecraft:cobblestone":8,"minecraft:stick":2,"minecraft:dirt":5,"minecraft:milk_bucket":5,"minecraft:wooden_axe":1,"minecraft:golden_leggings":1,"minecraft:stone_pickaxe":1,"minecraft:wooden_pickaxe":1,"minecraft:netherrack":2,"minecraft:splash_potion":5},"minecraft:used":{"minecraft:cooked_mutton":2,"minecraft:water_bucket":46,"minecraft:flint_and_steel":1,"minecraft:stone_pickaxe":56,"minecraft:chest":2,"minecraft:wooden_pickaxe":3,"minecraft:sugar_cane":9,"minecraft:diamond_axe":72,"minecraft:cooked_salmon":21,"minecraft:torch":5,"minecraft:golden_apple":1,"minecraft:dirt":1,"minecraft:sand":4,"minecraft:mutton":2,"minecraft:crafting_table":7,"minecraft:white_bed":2,"minecraft:milk_bucket":2,"minecraft:obsidian":1,"minecraft:oak_log":4,"minecraft:wooden_axe":46,"minecraft:diamond_pickaxe":83,"minecraft:iron_pickaxe":252,"minecraft:iron_boots":1,"minecraft:barrel":2,"minecraft:cobblestone":26,"minecraft:cooked_cod":1,"minecraft:furnace":2,"minecraft:cooked_porkchop":11,"minecraft:bucket":47,"minecraft:egg":1,"minecraft:cobbled_deepslate":67,"minecraft:splash_potion":69,"minecraft:iron_leggings":1}},"DataVersion":3953}