{"stats":{"minecraft:crafted":{"minecraft:oak_planks":24,"minecraft:crafting_table":1,"minecraft:stick":4,"minecraft:wooden_axe":1},"minecraft:custom":{"minecraft:time_since_rest":68338,"minecraft:crouch_one_cm":3271,"minecraft:play_time":68338,"minecraft:sprint_one_cm":46882,"minecraft:damage_taken":211,"minecraft:walk_one_cm":55641,"minecraft:sneak_time":2314,"minecraft:drop":12,"minecraft:jump":219,"minecraft:damage_dealt":89,"minecraft:leave_game":11,"minecraft:time_since_death":58836,"minecraft:total_world_time":68338,"minecraft:interact_with_crafting_table":1,"minecraft:fly_one_cm":157897,"minecraft:fall_one_cm":15607},"minecraft:mined":{"minecraft:short_grass":5,"minecraft:oak_log":16,"minecraft:tall_grass":7,"minecraft:crafting_table":1,"minecraft:oak_leaves":19},"minecraft:picked_up":{"minecraft:crafting_table":1,"minecraft:sugar":8,"minecraft:yellow_dye":2,"minecraft:wheat_seeds":4,"minecraft:oak_log":16,"minecraft:oak_sapling":1,"minecraft:dirt":4},"minecraft:dropped":{"minecraft:dirt":4,"minecraft:wheat_seeds":2,"minecraft:milk_bucket":5,"minecraft:splash_potion":5},"minecraft:used":{"minecraft:wooden_axe":12,"minecraft:crafting_table":1,"minecraft:splash_potion":69,"minecraft:milk_bucket":2}},"DataVersion":3953}