{"stats":{"minecraft:custom":{"minecraft:jump":105,"minecraft:walk_on_water_one_cm":2404,"minecraft:leave_game":2,"minecraft:play_time":5731,"minecraft:sprint_one_cm":12516,"minecraft:damage_taken":105,"minecraft:time_since_death":5731,"minecraft:walk_one_cm":5926,"minecraft:sneak_time":37,"minecraft:total_world_time":5731,"minecraft:walk_under_water_one_cm":3568,"minecraft:swim_one_cm":6266,"minecraft:fall_one_cm":3253,"minecraft:fly_one_cm":25051,"minecraft:time_since_rest":5731},"minecraft:picked_up":{"minecraft:birch_log":2},"minecraft:mined":{"minecraft:birch_log":1,"minecraft:short_grass":1}},"DataVersion":3953}