{"stats":{"minecraft:crafted":{"minecraft:oak_planks":88,"minecraft:crafting_table":1,"minecraft:wooden_pickaxe":1,"minecraft:furnace":1,"minecraft:bone_meal":3,"minecraft:stick":4,"minecraft:stone_pickaxe":1},"minecraft:custom":{"minecraft:mob_kills":12,"minecraft:interact_with_crafting_table":3,"minecraft:leave_game":4,"minecraft:time_since_death":44501,"minecraft:sleep_in_bed":2,"minecraft:damage_resisted":135169,"minecraft:time_since_rest":44527,"minecraft:sprint_one_cm":470156,"minecraft:damage_taken":9856,"minecraft:walk_one_cm":740375,"minecraft:drop":97,"minecraft:damage_dealt":3035,"minecraft:swim_one_cm":40509,"minecraft:fly_one_cm":431252,"minecraft:crouch_one_cm":1082,"minecraft:play_time":270263,"minecraft:deaths":26,"minecraft:sneak_time":1217,"minecraft:walk_under_water_one_cm":830,"minecraft:boat_one_cm":34252,"minecraft:jump":2315,"minecraft:walk_on_water_one_cm":7455,"minecraft:total_world_time":270263,"minecraft:fall_one_cm":34529},"minecraft:killed":{"minecraft:spider":1,"minecraft:zombie":9,"minecraft:cow":2},"minecraft:killed_by":{"minecraft:player":19,"minecraft:zombie":1},"minecraft:mined":{"minecraft:white_bed":4,"minecraft:dandelion":3,"minecraft:crafting_table":3,"minecraft:torch":1,"minecraft:short_grass":52,"minecraft:grass_block":5,"minecraft:cobblestone":4,"minecraft:tall_grass":21,"minecraft:lapis_ore":1,"minecraft:oak_planks":15,"minecraft:oxeye_daisy":1,"minecraft:wall_torch":1,"minecraft:furnace":1,"minecraft:oak_log":26,"minecraft:coal_ore":1,"minecraft:dirt":22,"minecraft:stone":132,"minecraft:oak_leaves":20},"minecraft:picked_up":{"minecraft:crafting_table":3,"minecraft:azure_bluet":1,"minecraft:splash_potion":38,"minecraft:leather":3,"minecraft:oak_log":26,"minecraft:gunpowder":1,"minecraft:lapis_lazuli":8,"minecraft:dirt":108,"minecraft:bone":2,"minecraft:apple":1,"minecraft:wheat_seeds":10,"minecraft:beef":3,"minecraft:stone_pickaxe":1,"minecraft:oak_boat":1,"minecraft:poppy":1,"minecraft:oak_planks":15,"minecraft:furnace":1,"minecraft:stick":4,"minecraft:milk_bucket":1,"minecraft:torch":2,"minecraft:dandelion":8,"minecraft:white_bed":4,"minecraft:spider_eye":2,"minecraft:arrow":2,"minecraft:sugar":154,"minecraft:rotten_flesh":24,"minecraft:oak_sapling":2,"minecraft:coal":1,"minecraft:cobblestone":136,"minecraft:oxeye_daisy":1},"minecraft:dropped":{"minecraft:dirt":2,"minecraft:stone_pickaxe":1,"minecraft:sugar":90,"minecraft:bucket":1,"minecraft:splash_potion":1,"minecraft:dandelion":2},"minecraft:used":{"minecraft:stone_sword":142,"minecraft:stone_pickaxe":141,"minecraft:oak_planks":50,"minecraft:wooden_pickaxe":3,"minecraft:rotten_flesh":3,"minecraft:torch":1,"minecraft:dirt":100,"minecraft:crafting_table":4,"minecraft:white_bed":3,"minecraft:milk_bucket":1,"minecraft:oak_log":4,"minecraft:apple":1,"minecraft:oxeye_daisy":1,"minecraft:stone_axe":3,"minecraft:beef":3,"minecraft:furnace":2,"minecraft:dandelion":4,"minecraft:splash_potion":37}},"DataVersion":3953}