{"stats":{"minecraft:crafted":{"minecraft:oak_planks":116,"minecraft:crafting_table":1,"minecraft:wooden_pickaxe":1,"minecraft:furnace":1,"minecraft:bone_meal":3,"minecraft:stick":4,"minecraft:stone_pickaxe":1,"minecraft:chest":1},"minecraft:custom":{"minecraft:mob_kills":12,"minecraft:interact_with_crafting_table":6,"minecraft:leave_game":4,"minecraft:time_since_death":702,"minecraft:sleep_in_bed":2,"minecraft:damage_resisted":135169,"minecraft:time_since_rest":777,"minecraft:sprint_one_cm":483374,"minecraft:damage_taken":9986,"minecraft:walk_one_cm":786612,"minecraft:drop":98,"minecraft:damage_dealt":3037,"minecraft:swim_one_cm":40509,"minecraft:fly_one_cm":444858,"minecraft:crouch_one_cm":1182,"minecraft:play_time":282263,"minecraft:deaths":27,"minecraft:sneak_time":1263,"minecraft:walk_under_water_one_cm":830,"minecraft:boat_one_cm":34252,"minecraft:jump":2431,"minecraft:walk_on_water_one_cm":7898,"minecraft:total_world_time":282263,"minecraft:fall_one_cm":36958},"minecraft:killed":{"minecraft:spider":1,"minecraft:zombie":9,"minecraft:cow":2},"minecraft:killed_by":{"minecraft:player":20,"minecraft:zombie":1},"minecraft:mined":{"minecraft:white_bed":5,"minecraft:dandelion":3,"minecraft:crafting_table":4,"minecraft:torch":1,"minecraft:short_grass":53,"minecraft:grass_block":6,"minecraft:cobblestone":4,"minecraft:tall_grass":21,"minecraft:lapis_ore":1,"minecraft:oak_planks":20,"minecraft:oxeye_daisy":1,"minecraft:wall_torch":1,"minecraft:furnace":2,"minecraft:oak_log":40,"minecraft:coal_ore":1,"minecraft:dirt":22,"minecraft:stone":132,"minecraft:oak_leaves":27},"minecraft:picked_up":{"minecraft:crafting_table":4,"minecraft:azure_bluet":1,"minecraft:splash_potion":38,"minecraft:leather":3,"minecraft:oak_log":40,"minecraft:gunpowder":1,"minecraft:lapis_lazuli":8,"minecraft:dirt":109,"minecraft:bone":2,"minecraft:apple":1,"minecraft:wheat_seeds":10,"minecraft:beef":3,"minecraft:stone_pickaxe":1,"minecraft:oak_boat":1,"minecraft:poppy":1,"minecraft:oak_planks":21,"minecraft:furnace":2,"minecraft:stick":5,"minecraft:milk_bucket":1,"minecraft:torch":2,"minecraft:dandelion":8,"minecraft:white_bed":5,"minecraft:spider_eye":2,"minecraft:arrow":2,"minecraft:sugar":154,"minecraft:rotten_flesh":24,"minecraft:oak_sapling":4,"minecraft:coal":1,"minecraft:cobblestone":136,"minecraft:oxeye_daisy":1},"minecraft:dropped":{"minecraft:oak_planks":1,"minecraft:dirt":2,"minecraft:stone_pickaxe":1,"minecraft:sugar":90,"minecraft:bucket":1,"minecraft:splash_potion":1,"minecraft:dandelion":2},"minecraft:used":{"minecraft:stone_sword":142,"minecraft:stone_pickaxe":142,"minecraft:oak_planks":119,"minecraft:chest":1,"minecraft:wooden_pickaxe":3,"minecraft:rotten_flesh":3,"minecraft:torch":1,"minecraft:dirt":103,"minecraft:crafting_table":5,"minecraft:white_bed":5,"minecraft:milk_bucket":1,"minecraft:oak_log":11,"minecraft:apple":1,"minecraft:oxeye_daisy":1,"minecraft:stone_axe":3,"minecraft:beef":3,"minecraft:furnace":3,"minecraft:dandelion":4,"minecraft:splash_potion":37}},"DataVersion":3953}