{"stats":{"minecraft:crafted":{"minecraft:bone_meal":3},"minecraft:custom":{"minecraft:time_since_rest":955,"minecraft:sprint_one_cm":332025,"minecraft:damage_taken":8287,"minecraft:walk_one_cm":366172,"minecraft:mob_kills":10,"minecraft:drop":94,"minecraft:damage_dealt":2817,"minecraft:fly_one_cm":367260,"minecraft:crouch_one_cm":1082,"minecraft:play_time":138628,"minecraft:deaths":21,"minecraft:sneak_time":1161,"minecraft:boat_one_cm":34252,"minecraft:jump":1390,"minecraft:leave_game":3,"minecraft:walk_on_water_one_cm":312,"minecraft:time_since_death":871,"minecraft:total_world_time":138628,"minecraft:damage_resisted":135169,"minecraft:fall_one_cm":15532},"minecraft:killed":{"minecraft:zombie":9,"minecraft:spider":1},"minecraft:mined":{"minecraft:short_grass":11,"minecraft:grass_block":1,"minecraft:dirt":16,"minecraft:tall_grass":18,"minecraft:cobblestone":4,"minecraft:stone":121},"minecraft:killed_by":{"minecraft:player":17},"minecraft:picked_up":{"minecraft:splash_potion":38,"minecraft:milk_bucket":1,"minecraft:azure_bluet":1,"minecraft:dandelion":3,"minecraft:gunpowder":1,"minecraft:spider_eye":2,"minecraft:dirt":102,"minecraft:arrow":2,"minecraft:bone":2,"minecraft:sugar":154,"minecraft:rotten_flesh":24,"minecraft:wheat_seeds":6,"minecraft:oak_boat":1,"minecraft:poppy":1,"minecraft:cobblestone":125},"minecraft:dropped":{"minecraft:dirt":2,"minecraft:sugar":90,"minecraft:bucket":1,"minecraft:splash_potion":1},"minecraft:used":{"minecraft:stone_sword":142,"minecraft:stone_pickaxe":130,"minecraft:rotten_flesh":3,"minecraft:stone_axe":3,"minecraft:dirt":96,"minecraft:splash_potion":37,"minecraft:milk_bucket":1}},"DataVersion":3953}