{"stats":{"minecraft:crafted":{"minecraft:oak_planks":20,"minecraft:crafting_table":1,"minecraft:stick":4,"minecraft:wooden_pickaxe":1,"minecraft:stone_pickaxe":1,"minecraft:bone_meal":3},"minecraft:custom":{"minecraft:time_since_rest":58827,"minecraft:damage_taken":9054,"minecraft:sprint_one_cm":387026,"minecraft:walk_one_cm":468124,"minecraft:mob_kills":10,"minecraft:drop":94,"minecraft:damage_dealt":2817,"minecraft:interact_with_crafting_table":2,"minecraft:fly_one_cm":392614,"minecraft:crouch_one_cm":1082,"minecraft:play_time":204263,"minecraft:deaths":23,"minecraft:sneak_time":1198,"minecraft:boat_one_cm":34252,"minecraft:jump":1673,"minecraft:leave_game":4,"minecraft:walk_on_water_one_cm":312,"minecraft:time_since_death":56229,"minecraft:total_world_time":204263,"minecraft:damage_resisted":135169,"minecraft:fall_one_cm":18738},"minecraft:killed":{"minecraft:zombie":9,"minecraft:spider":1},"minecraft:mined":{"minecraft:dandelion":1,"minecraft:crafting_table":2,"minecraft:short_grass":13,"minecraft:grass_block":1,"minecraft:oak_log":5,"minecraft:dirt":16,"minecraft:tall_grass":20,"minecraft:cobblestone":4,"minecraft:stone":124,"minecraft:oxeye_daisy":1,"minecraft:oak_leaves":1},"minecraft:killed_by":{"minecraft:player":19},"minecraft:picked_up":{"minecraft:crafting_table":2,"minecraft:milk_bucket":1,"minecraft:azure_bluet":1,"minecraft:splash_potion":38,"minecraft:dandelion":4,"minecraft:oak_log":5,"minecraft:gunpowder":1,"minecraft:spider_eye":2,"minecraft:dirt":102,"minecraft:arrow":2,"minecraft:bone":2,"minecraft:rotten_flesh":24,"minecraft:sugar":154,"minecraft:wheat_seeds":7,"minecraft:oak_boat":1,"minecraft:poppy":1,"minecraft:cobblestone":128,"minecraft:oxeye_daisy":1},"minecraft:dropped":{"minecraft:dirt":2,"minecraft:sugar":90,"minecraft:bucket":1,"minecraft:splash_potion":1},"minecraft:used":{"minecraft:stone_sword":142,"minecraft:oxeye_daisy":1,"minecraft:stone_pickaxe":130,"minecraft:wooden_pickaxe":3,"minecraft:rotten_flesh":3,"minecraft:stone_axe":3,"minecraft:dirt":96,"minecraft:crafting_table":2,"minecraft:dandelion":4,"minecraft:splash_potion":37,"minecraft:milk_bucket":1}},"DataVersion":3953}