{"stats":{"minecraft:used":{"minecraft:egg":1},"minecraft:custom":{"minecraft:time_since_rest":793,"minecraft:sprint_one_cm":34788,"minecraft:play_time":14743,"minecraft:deaths":2,"minecraft:damage_taken":619,"minecraft:walk_one_cm":28890,"minecraft:sneak_time":37,"minecraft:walk_under_water_one_cm":5756,"minecraft:jump":265,"minecraft:damage_dealt":75,"minecraft:leave_game":3,"minecraft:walk_on_water_one_cm":5419,"minecraft:time_since_death":710,"minecraft:sleep_in_bed":1,"minecraft:total_world_time":14743,"minecraft:swim_one_cm":12908,"minecraft:talked_to_villager":1,"minecraft:fall_one_cm":9266,"minecraft:fly_one_cm":56762},"minecraft:picked_up":{"minecraft:birch_log":2,"minecraft:oak_door":1,"minecraft:wheat_seeds":1,"minecraft:torch":1,"minecraft:oak_stairs":1,"minecraft:white_terracotta":4,"minecraft:string":3,"minecraft:egg":1},"minecraft:mined":{"minecraft:short_grass":4,"minecraft:tall_seagrass":1,"minecraft:birch_log":1},"minecraft:killed_by":{"minecraft:zombie":1,"minecraft:player":1}},"DataVersion":3953}