{"stats":{"minecraft:crafted":{"minecraft:oak_door":3,"minecraft:oak_planks":320,"minecraft:crafting_table":2,"minecraft:wooden_pickaxe":1,"minecraft:furnace":1,"minecraft:bone_meal":3,"minecraft:oak_boat":1,"minecraft:stick":4,"minecraft:stone_pickaxe":1,"minecraft:chest":1},"minecraft:custom":{"minecraft:mob_kills":14,"minecraft:interact_with_crafting_table":10,"minecraft:leave_game":6,"minecraft:time_since_death":72637,"minecraft:sleep_in_bed":2,"minecraft:damage_resisted":135169,"minecraft:time_since_rest":72712,"minecraft:sprint_one_cm":555304,"minecraft:damage_taken":10706,"minecraft:walk_one_cm":1112855,"minecraft:drop":98,"minecraft:damage_dealt":3183,"minecraft:swim_one_cm":119493,"minecraft:fly_one_cm":492569,"minecraft:open_chest":1,"minecraft:crouch_one_cm":23544,"minecraft:play_time":354198,"minecraft:deaths":27,"minecraft:sneak_time":9332,"minecraft:walk_under_water_one_cm":6610,"minecraft:boat_one_cm":81689,"minecraft:jump":3124,"minecraft:walk_on_water_one_cm":25977,"minecraft:total_world_time":354198,"minecraft:fall_one_cm":52014},"minecraft:killed":{"minecraft:spider":1,"minecraft:zombie":11,"minecraft:cow":2},"minecraft:killed_by":{"minecraft:player":20,"minecraft:zombie":1},"minecraft:mined":{"minecraft:white_bed":5,"minecraft:dandelion":3,"minecraft:crafting_table":5,"minecraft:torch":1,"minecraft:short_grass":60,"minecraft:grass_block":6,"minecraft:cobblestone":4,"minecraft:tall_grass":21,"minecraft:lapis_ore":1,"minecraft:oak_planks":44,"minecraft:oxeye_daisy":1,"minecraft:wall_torch":1,"minecraft:furnace":2,"minecraft:oak_log":137,"minecraft:coal_ore":1,"minecraft:sand":6,"minecraft:dirt":23,"minecraft:stone":132,"minecraft:oak_leaves":65},"minecraft:picked_up":{"minecraft:iron_chestplate":1,"minecraft:crafting_table":5,"minecraft:azure_bluet":1,"minecraft:splash_potion":38,"minecraft:leather":3,"minecraft:oak_log":137,"minecraft:gunpowder":1,"minecraft:lapis_lazuli":8,"minecraft:dirt":110,"minecraft:iron_leggings":1,"minecraft:bone":2,"minecraft:apple":2,"minecraft:wheat_seeds":12,"minecraft:beef":3,"minecraft:stone_pickaxe":1,"minecraft:oak_boat":2,"minecraft:poppy":1,"minecraft:oak_planks":115,"minecraft:furnace":2,"minecraft:stick":6,"minecraft:milk_bucket":1,"minecraft:oak_door":2,"minecraft:torch":2,"minecraft:dandelion":8,"minecraft:sand":6,"minecraft:white_bed":5,"minecraft:spider_eye":2,"minecraft:arrow":2,"minecraft:rotten_flesh":25,"minecraft:sugar":154,"minecraft:bread":14,"minecraft:oak_sapling":10,"minecraft:coal":1,"minecraft:cobblestone":136,"minecraft:oxeye_daisy":1},"minecraft:dropped":{"minecraft:oak_planks":1,"minecraft:dirt":2,"minecraft:stone_pickaxe":1,"minecraft:sugar":90,"minecraft:bucket":1,"minecraft:splash_potion":1,"minecraft:dandelion":2},"minecraft:used":{"minecraft:stone_sword":142,"minecraft:stone_pickaxe":142,"minecraft:oak_planks":370,"minecraft:chest":1,"minecraft:wooden_pickaxe":3,"minecraft:rotten_flesh":3,"minecraft:oak_door":4,"minecraft:torch":1,"minecraft:dirt":104,"minecraft:crafting_table":6,"minecraft:white_bed":5,"minecraft:milk_bucket":1,"minecraft:oak_log":54,"minecraft:apple":1,"minecraft:oxeye_daisy":1,"minecraft:bread":11,"minecraft:stone_axe":3,"minecraft:beef":3,"minecraft:furnace":3,"minecraft:oak_boat":1,"minecraft:dandelion":4,"minecraft:splash_potion":37}},"DataVersion":3953}