{"stats":{"minecraft:used":{"minecraft:dirt":13,"minecraft:bread":2,"minecraft:egg":1},"minecraft:custom":{"minecraft:time_since_rest":10024,"minecraft:play_time":23974,"minecraft:sprint_one_cm":47375,"minecraft:damage_taken":690,"minecraft:deaths":2,"minecraft:walk_one_cm":39726,"minecraft:bell_ring":35,"minecraft:sneak_time":37,"minecraft:walk_under_water_one_cm":5852,"minecraft:jump":358,"minecraft:damage_dealt":207,"minecraft:leave_game":3,"minecraft:time_since_death":9941,"minecraft:walk_on_water_one_cm":6350,"minecraft:sleep_in_bed":1,"minecraft:total_world_time":23974,"minecraft:swim_one_cm":15032,"minecraft:talked_to_villager":1,"minecraft:fall_one_cm":12240,"minecraft:fly_one_cm":75272},"minecraft:picked_up":{"minecraft:birch_log":2,"minecraft:oak_door":1,"minecraft:wheat_seeds":1,"minecraft:torch":1,"minecraft:oak_stairs":1,"minecraft:iron_ingot":3,"minecraft:bread":17,"minecraft:white_terracotta":4,"minecraft:spider_eye":1,"minecraft:dirt":14,"minecraft:string":3,"minecraft:egg":1},"minecraft:mined":{"minecraft:short_grass":4,"minecraft:grass_block":3,"minecraft:tall_seagrass":1,"minecraft:dirt":10,"minecraft:birch_log":1},"minecraft:killed_by":{"minecraft:zombie":1,"minecraft:player":1}},"DataVersion":3953}