{"stats":{"minecraft:crafted":{"minecraft:oak_planks":20,"minecraft:crafting_table":1,"minecraft:stick":4,"minecraft:wooden_pickaxe":1,"minecraft:stone_pickaxe":1,"minecraft:bone_meal":3},"minecraft:custom":{"minecraft:time_since_rest":20527,"minecraft:damage_taken":9741,"minecraft:sprint_one_cm":419092,"minecraft:walk_one_cm":657946,"minecraft:mob_kills":11,"minecraft:drop":95,"minecraft:damage_dealt":2917,"minecraft:swim_one_cm":40509,"minecraft:interact_with_crafting_table":2,"minecraft:fly_one_cm":404417,"minecraft:crouch_one_cm":1082,"minecraft:play_time":246263,"minecraft:deaths":26,"minecraft:sneak_time":1217,"minecraft:walk_under_water_one_cm":830,"minecraft:boat_one_cm":34252,"minecraft:jump":2081,"minecraft:leave_game":4,"minecraft:sleep_in_bed":2,"minecraft:walk_on_water_one_cm":7455,"minecraft:time_since_death":20501,"minecraft:total_world_time":246263,"minecraft:damage_resisted":135169,"minecraft:fall_one_cm":30457},"minecraft:killed":{"minecraft:zombie":9,"minecraft:spider":1,"minecraft:cow":1},"minecraft:mined":{"minecraft:dandelion":1,"minecraft:torch":1,"minecraft:crafting_table":2,"minecraft:coal_ore":1,"minecraft:short_grass":16,"minecraft:grass_block":3,"minecraft:oak_log":5,"minecraft:dirt":22,"minecraft:tall_grass":21,"minecraft:cobblestone":4,"minecraft:lapis_ore":1,"minecraft:stone":126,"minecraft:oxeye_daisy":1,"minecraft:oak_leaves":1,"minecraft:wall_torch":1},"minecraft:killed_by":{"minecraft:player":19,"minecraft:zombie":1},"minecraft:picked_up":{"minecraft:crafting_table":2,"minecraft:milk_bucket":1,"minecraft:azure_bluet":1,"minecraft:splash_potion":38,"minecraft:leather":1,"minecraft:torch":2,"minecraft:dandelion":4,"minecraft:oak_log":5,"minecraft:gunpowder":1,"minecraft:lapis_lazuli":8,"minecraft:spider_eye":2,"minecraft:dirt":106,"minecraft:arrow":2,"minecraft:bone":2,"minecraft:rotten_flesh":24,"minecraft:sugar":154,"minecraft:wheat_seeds":8,"minecraft:beef":1,"minecraft:stone_pickaxe":1,"minecraft:oak_boat":1,"minecraft:poppy":1,"minecraft:coal":1,"minecraft:cobblestone":130,"minecraft:oxeye_daisy":1},"minecraft:dropped":{"minecraft:dirt":2,"minecraft:stone_pickaxe":1,"minecraft:sugar":90,"minecraft:bucket":1,"minecraft:splash_potion":1},"minecraft:used":{"minecraft:stone_sword":142,"minecraft:oxeye_daisy":1,"minecraft:stone_pickaxe":134,"minecraft:wooden_pickaxe":3,"minecraft:rotten_flesh":3,"minecraft:torch":1,"minecraft:stone_axe":3,"minecraft:dirt":99,"minecraft:beef":1,"minecraft:crafting_table":2,"minecraft:dandelion":4,"minecraft:splash_potion":37,"minecraft:milk_bucket":1}},"DataVersion":3953}