{"stats":{"minecraft:mined":{"minecraft:short_grass":11,"minecraft:grass_block":1,"minecraft:dirt":9,"minecraft:tall_grass":18,"minecraft:cobblestone":4,"minecraft:stone":121},"minecraft:killed_by":{"minecraft:player":11},"minecraft:killed":{"minecraft:zombie":9,"minecraft:spider":1},"minecraft:crafted":{"minecraft:bone_meal":3},"minecraft:dropped":{"minecraft:dirt":2,"minecraft:sugar":19,"minecraft:bucket":1},"minecraft:custom":{"minecraft:time_since_rest":9701,"minecraft:sprint_one_cm":210597,"minecraft:damage_taken":4883,"minecraft:walk_one_cm":241606,"minecraft:mob_kills":10,"minecraft:drop":22,"minecraft:damage_dealt":2757,"minecraft:fly_one_cm":304702,"minecraft:crouch_one_cm":363,"minecraft:play_time":105477,"minecraft:deaths":13,"minecraft:sneak_time":612,"minecraft:boat_one_cm":34252,"minecraft:jump":1124,"minecraft:leave_game":1,"minecraft:walk_on_water_one_cm":235,"minecraft:time_since_death":9653,"minecraft:total_world_time":105477,"minecraft:damage_resisted":99577,"minecraft:fall_one_cm":13420},"minecraft:used":{"minecraft:stone_sword":141,"minecraft:stone_pickaxe":130,"minecraft:rotten_flesh":3,"minecraft:stone_axe":3,"minecraft:dirt":96,"minecraft:splash_potion":2,"minecraft:milk_bucket":1},"minecraft:picked_up":{"minecraft:splash_potion":3,"minecraft:milk_bucket":1,"minecraft:azure_bluet":1,"minecraft:dandelion":3,"minecraft:gunpowder":1,"minecraft:spider_eye":2,"minecraft:dirt":98,"minecraft:arrow":2,"minecraft:bone":2,"minecraft:sugar":152,"minecraft:rotten_flesh":24,"minecraft:wheat_seeds":6,"minecraft:oak_boat":1,"minecraft:poppy":1,"minecraft:cobblestone":125}},"DataVersion":3953}