{"stats":{"minecraft:mined":{"minecraft:short_grass":11,"minecraft:grass_block":1,"minecraft:dirt":9,"minecraft:tall_grass":18,"minecraft:cobblestone":4,"minecraft:stone":121},"minecraft:killed_by":{"minecraft:player":11},"minecraft:killed":{"minecraft:zombie":9,"minecraft:spider":1},"minecraft:crafted":{"minecraft:bone_meal":3},"minecraft:dropped":{"minecraft:dirt":2,"minecraft:sugar":41,"minecraft:bucket":1},"minecraft:custom":{"minecraft:time_since_rest":21701,"minecraft:sprint_one_cm":255996,"minecraft:damage_taken":5486,"minecraft:walk_one_cm":294141,"minecraft:mob_kills":10,"minecraft:drop":44,"minecraft:damage_dealt":2807,"minecraft:fly_one_cm":332963,"minecraft:crouch_one_cm":363,"minecraft:play_time":117477,"minecraft:deaths":13,"minecraft:sneak_time":612,"minecraft:boat_one_cm":34252,"minecraft:jump":1238,"minecraft:leave_game":1,"minecraft:walk_on_water_one_cm":312,"minecraft:time_since_death":21490,"minecraft:total_world_time":117477,"minecraft:damage_resisted":112889,"minecraft:fall_one_cm":13420},"minecraft:used":{"minecraft:stone_sword":142,"minecraft:stone_pickaxe":130,"minecraft:rotten_flesh":3,"minecraft:stone_axe":3,"minecraft:dirt":96,"minecraft:splash_potion":13,"minecraft:milk_bucket":1},"minecraft:picked_up":{"minecraft:splash_potion":21,"minecraft:milk_bucket":1,"minecraft:azure_bluet":1,"minecraft:dandelion":3,"minecraft:gunpowder":1,"minecraft:spider_eye":2,"minecraft:dirt":98,"minecraft:arrow":2,"minecraft:bone":2,"minecraft:sugar":152,"minecraft:rotten_flesh":24,"minecraft:wheat_seeds":6,"minecraft:oak_boat":1,"minecraft:poppy":1,"minecraft:cobblestone":125}},"DataVersion":3953}