{"stats":{"minecraft:used":{"minecraft:bread":7,"minecraft:dirt":13,"minecraft:egg":1},"minecraft:custom":{"minecraft:time_since_rest":5977,"minecraft:sprint_one_cm":63620,"minecraft:damage_taken":1341,"minecraft:walk_one_cm":53119,"minecraft:mob_kills":1,"minecraft:damage_dealt":604,"minecraft:swim_one_cm":15032,"minecraft:talked_to_villager":1,"minecraft:fly_one_cm":103955,"minecraft:open_chest":1,"minecraft:play_time":32634,"minecraft:deaths":3,"minecraft:sneak_time":37,"minecraft:bell_ring":35,"minecraft:walk_under_water_one_cm":9121,"minecraft:jump":504,"minecraft:leave_game":4,"minecraft:walk_on_water_one_cm":12399,"minecraft:time_since_death":6736,"minecraft:sleep_in_bed":3,"minecraft:total_world_time":32634,"minecraft:fall_one_cm":15466},"minecraft:picked_up":{"minecraft:birch_log":2,"minecraft:oak_door":1,"minecraft:torch":1,"minecraft:oak_stairs":1,"minecraft:sand":1,"minecraft:redstone":12,"minecraft:string":3,"minecraft:spider_eye":2,"minecraft:dirt":15,"minecraft:rotten_flesh":2,"minecraft:diamond":6,"minecraft:wheat_seeds":3,"minecraft:spruce_planks":1,"minecraft:iron_ingot":6,"minecraft:bread":94,"minecraft:white_terracotta":4,"minecraft:glass_bottle":6,"minecraft:egg":1},"minecraft:killed":{"minecraft:zombie":1},"minecraft:mined":{"minecraft:tall_seagrass":1,"minecraft:spruce_planks":2,"minecraft:birch_log":1,"minecraft:short_grass":6,"minecraft:grass_block":3,"minecraft:sand":1,"minecraft:dirt":10},"minecraft:killed_by":{"minecraft:player":1,"minecraft:zombie":2}},"DataVersion":3953}