{"stats":{"minecraft:mined":{"minecraft:short_grass":11,"minecraft:grass_block":1,"minecraft:dirt":9,"minecraft:tall_grass":17,"minecraft:cobblestone":4,"minecraft:stone":121},"minecraft:killed_by":{"minecraft:player":10},"minecraft:used":{"minecraft:stone_sword":130,"minecraft:stone_pickaxe":130,"minecraft:rotten_flesh":3,"minecraft:stone_axe":2,"minecraft:dirt":96,"minecraft:splash_potion":2,"minecraft:milk_bucket":1},"minecraft:dropped":{"minecraft:dirt":2,"minecraft:sugar":18,"minecraft:bucket":1},"minecraft:picked_up":{"minecraft:milk_bucket":1,"minecraft:splash_potion":3,"minecraft:azure_bluet":1,"minecraft:dandelion":3,"minecraft:gunpowder":1,"minecraft:spider_eye":2,"minecraft:dirt":98,"minecraft:arrow":2,"minecraft:bone":2,"minecraft:sugar":146,"minecraft:rotten_flesh":23,"minecraft:wheat_seeds":6,"minecraft:oak_boat":1,"minecraft:poppy":1,"minecraft:cobblestone":125},"minecraft:killed":{"minecraft:zombie":8,"minecraft:spider":1},"minecraft:crafted":{"minecraft:bone_meal":3},"minecraft:custom":{"minecraft:time_since_rest":38647,"minecraft:sprint_one_cm":185637,"minecraft:damage_taken":4416,"minecraft:walk_one_cm":208802,"minecraft:mob_kills":9,"minecraft:drop":21,"minecraft:damage_dealt":2468,"minecraft:fly_one_cm":281577,"minecraft:crouch_one_cm":363,"minecraft:play_time":93530,"minecraft:deaths":12,"minecraft:sneak_time":612,"minecraft:boat_one_cm":34252,"minecraft:jump":1021,"minecraft:leave_game":1,"minecraft:walk_on_water_one_cm":235,"minecraft:time_since_death":26328,"minecraft:total_world_time":93530,"minecraft:damage_resisted":99577,"minecraft:fall_one_cm":12362}},"DataVersion":3953}