{"stats":{"minecraft:used":{"minecraft:stone_pickaxe":1,"minecraft:dirt":1,"minecraft:bone_meal":86},"minecraft:dropped":{"minecraft:bone_meal":1},"minecraft:picked_up":{"minecraft:bone_meal":1,"minecraft:dirt":1},"minecraft:custom":{"minecraft:jump":325,"minecraft:time_since_rest":17407,"minecraft:leave_game":1,"minecraft:damage_taken":20,"minecraft:crouch_one_cm":316,"minecraft:sprint_one_cm":78209,"minecraft:play_time":17407,"minecraft:walk_on_water_one_cm":352,"minecraft:time_since_death":17407,"minecraft:walk_one_cm":72516,"minecraft:sneak_time":124,"minecraft:total_world_time":17407,"minecraft:drop":1,"minecraft:boat_one_cm":14958,"minecraft:fall_one_cm":4362,"minecraft:fly_one_cm":93902},"minecraft:mined":{"minecraft:grass_block":1}},"DataVersion":3953}