{"stats":{"minecraft:mined":{"minecraft:dandelion":1,"minecraft:short_grass":14,"minecraft:grass_block":2,"minecraft:dirt":3,"minecraft:tall_grass":15,"minecraft:cobblestone":10,"minecraft:stone":3},"minecraft:killed_by":{"minecraft:player":14,"minecraft:skeleton":1,"minecraft:zombie":2},"minecraft:killed":{"minecraft:skeleton":7,"minecraft:zombie":6,"minecraft:spider":2,"minecraft:enderman":1},"minecraft:dropped":{"minecraft:dirt":1,"minecraft:oak_boat":1,"minecraft:spider_eye":1,"minecraft:arrow":2,"minecraft:sugar":33},"minecraft:custom":{"minecraft:time_since_rest":8516,"minecraft:sprint_one_cm":290535,"minecraft:damage_taken":5986,"minecraft:walk_one_cm":239656,"minecraft:mob_kills":16,"minecraft:drop":38,"minecraft:damage_dealt":4325,"minecraft:player_kills":2,"minecraft:fly_one_cm":146205,"minecraft:crouch_one_cm":1176,"minecraft:play_time":88983,"minecraft:deaths":18,"minecraft:sneak_time":615,"minecraft:boat_one_cm":52769,"minecraft:jump":708,"minecraft:leave_game":11,"minecraft:walk_on_water_one_cm":1215,"minecraft:time_since_death":8477,"minecraft:total_world_time":88983,"minecraft:damage_resisted":15027,"minecraft:fall_one_cm":31574},"minecraft:used":{"minecraft:stone_sword":154,"minecraft:stone_shovel":1,"minecraft:stone_pickaxe":14,"minecraft:string":1,"minecraft:dirt":26,"minecraft:oak_boat":1,"minecraft:dandelion":1,"minecraft:splash_potion":2,"minecraft:milk_bucket":1},"minecraft:picked_up":{"minecraft:milk_bucket":1,"minecraft:splash_potion":2,"minecraft:dandelion":1,"minecraft:spider_eye":1,"minecraft:string":1,"minecraft:dirt":47,"minecraft:arrow":7,"minecraft:bone":6,"minecraft:sugar":41,"minecraft:rotten_flesh":10,"minecraft:wheat_seeds":3,"minecraft:bucket":1,"minecraft:oak_boat":2,"minecraft:cobblestone":18}},"DataVersion":3953}