{"stats":{"minecraft:crafted":{"minecraft:cooked_beef":3,"minecraft:wooden_sword":1,"minecraft:oak_planks":22,"minecraft:wooden_shovel":1,"minecraft:cooked_porkchop":1,"minecraft:crafting_table":1,"minecraft:wooden_pickaxe":1,"minecraft:furnace":1,"minecraft:stone_axe":1,"minecraft:stick":14,"minecraft:stone_pickaxe":2,"minecraft:wooden_axe":1,"minecraft:stone_sword":1},"minecraft:custom":{"minecraft:interact_with_furnace":3,"minecraft:mob_kills":19,"minecraft:interact_with_crafting_table":6,"minecraft:leave_game":18,"minecraft:time_since_death":10058,"minecraft:damage_resisted":185011,"minecraft:time_since_rest":10090,"minecraft:sprint_one_cm":679906,"minecraft:damage_taken":11635,"minecraft:walk_one_cm":556724,"minecraft:drop":55,"minecraft:damage_dealt":6933,"minecraft:talked_to_villager":1,"minecraft:fly_one_cm":571424,"minecraft:player_kills":5,"minecraft:open_chest":1,"minecraft:crouch_one_cm":1319,"minecraft:play_time":204436,"minecraft:deaths":34,"minecraft:sneak_time":1022,"minecraft:boat_one_cm":52769,"minecraft:jump":2482,"minecraft:walk_on_water_one_cm":5683,"minecraft:total_world_time":204436,"minecraft:fall_one_cm":70889},"minecraft:broken":{"minecraft:stone_pickaxe":1,"minecraft:stone_sword":1},"minecraft:killed":{"minecraft:pig":1,"minecraft:spider":2,"minecraft:skeleton":8,"minecraft:zombie":6,"minecraft:enderman":1,"minecraft:cow":1},"minecraft:mined":{"minecraft:dandelion":2,"minecraft:crafting_table":5,"minecraft:short_grass":36,"minecraft:grass_block":10,"minecraft:chest":1,"minecraft:cobblestone":18,"minecraft:tall_grass":30,"minecraft:copper_ore":10,"minecraft:wall_torch":2,"minecraft:hay_block":5,"minecraft:furnace":2,"minecraft:iron_ore":1,"minecraft:fire":4,"minecraft:pumpkin":8,"minecraft:oak_log":6,"minecraft:coal_ore":25,"minecraft:dirt":9,"minecraft:stone":24},"minecraft:killed_by":{"minecraft:player":27,"minecraft:skeleton":1,"minecraft:zombie":3},"minecraft:picked_up":{"minecraft:crafting_table":5,"minecraft:splash_potion":4,"minecraft:leather":2,"minecraft:yellow_dye":1,"minecraft:oak_log":6,"minecraft:dirt":72,"minecraft:string":1,"minecraft:lantern":2,"minecraft:raw_copper":34,"minecraft:bone":7,"minecraft:wheat_seeds":9,"minecraft:bucket":1,"minecraft:beef":3,"minecraft:stone_pickaxe":1,"minecraft:oak_boat":2,"minecraft:quartz_stairs":4,"minecraft:chest":1,"minecraft:furnace":2,"minecraft:raw_iron":1,"minecraft:milk_bucket":1,"minecraft:pumpkin":8,"minecraft:torch":2,"minecraft:dandelion":1,"minecraft:porkchop":1,"minecraft:spider_eye":1,"minecraft:rotten_flesh":10,"minecraft:arrow":8,"minecraft:sugar":41,"minecraft:hay_block":5,"minecraft:coal":29,"minecraft:cobblestone":47,"minecraft:oxeye_daisy":1},"minecraft:dropped":{"minecraft:stone_axe":1,"minecraft:lantern":2,"minecraft:dirt":1,"minecraft:yellow_dye":1,"minecraft:quartz_stairs":4,"minecraft:oak_boat":1,"minecraft:wooden_sword":1,"minecraft:spider_eye":1,"minecraft:arrow":2,"minecraft:sugar":41},"minecraft:used":{"minecraft:stone_sword":160,"minecraft:stone_shovel":2,"minecraft:stone_pickaxe":139,"minecraft:wooden_pickaxe":3,"minecraft:rotten_flesh":5,"minecraft:dirt":49,"minecraft:crafting_table":6,"minecraft:milk_bucket":1,"minecraft:wooden_axe":30,"minecraft:oxeye_daisy":1,"minecraft:string":1,"minecraft:stone_axe":40,"minecraft:wooden_sword":4,"minecraft:cobblestone":26,"minecraft:furnace":2,"minecraft:cooked_porkchop":1,"minecraft:oak_boat":1,"minecraft:cooked_beef":3,"minecraft:dandelion":1,"minecraft:pumpkin":1,"minecraft:splash_potion":4}},"DataVersion":3953}