{"stats":{"minecraft:dropped":{"minecraft:iron_ingot":3,"minecraft:bread":45,"minecraft:spider_eye":1},"minecraft:used":{"minecraft:poppy":1,"minecraft:bread":3,"minecraft:oak_stairs":2,"minecraft:iron_axe":41,"minecraft:oak_planks":1,"minecraft:white_terracotta":4,"minecraft:dirt":2,"minecraft:hay_block":1,"minecraft:crafting_table":2,"minecraft:beetroot_seeds":1,"minecraft:birch_log":3,"minecraft:egg":1,"minecraft:dandelion":1},"minecraft:custom":{"minecraft:time_since_rest":12704,"minecraft:sprint_one_cm":74675,"minecraft:damage_taken":956,"minecraft:walk_one_cm":87398,"minecraft:mob_kills":7,"minecraft:drop":49,"minecraft:damage_dealt":1795,"minecraft:interact_with_crafting_table":2,"minecraft:fly_one_cm":16614,"minecraft:sneak_time":108,"minecraft:play_time":26470,"minecraft:deaths":3,"minecraft:bell_ring":26,"minecraft:walk_under_water_one_cm":3092,"minecraft:jump":227,"minecraft:leave_game":1,"minecraft:time_since_death":12651,"minecraft:walk_on_water_one_cm":8830,"minecraft:total_world_time":26470,"minecraft:fall_one_cm":2735},"minecraft:picked_up":{"minecraft:birch_log":3,"minecraft:crafting_table":2,"minecraft:torch":2,"minecraft:dandelion":1,"minecraft:oak_stairs":2,"minecraft:porkchop":1,"minecraft:oak_log":2,"minecraft:spider_eye":2,"minecraft:dirt":2,"minecraft:iron_axe":2,"minecraft:beetroot":1,"minecraft:beetroot_seeds":2,"minecraft:wheat_seeds":2,"minecraft:hay_block":14,"minecraft:iron_ingot":3,"minecraft:bread":28,"minecraft:poppy":1,"minecraft:white_terracotta":4,"minecraft:oak_sapling":64,"minecraft:oak_planks":1,"minecraft:egg":1},"minecraft:crafted":{"minecraft:oak_planks":4,"minecraft:crafting_table":1,"minecraft:bread":39,"minecraft:wheat":113},"minecraft:killed":{"minecraft:zombie":1,"minecraft:pig":1,"minecraft:spider":3,"minecraft:iron_golem":1,"minecraft:villager":1},"minecraft:mined":{"minecraft:hay_block":14,"minecraft:birch_log":1,"minecraft:wheat":1,"minecraft:dandelion":1,"minecraft:crafting_table":2,"minecraft:short_grass":8,"minecraft:oak_log":1,"minecraft:beetroots":1,"minecraft:dirt_path":1,"minecraft:oak_stairs":1,"minecraft:dirt":2,"minecraft:tall_grass":1,"minecraft:oak_planks":1,"minecraft:oak_leaves":1},"minecraft:killed_by":{"minecraft:creeper":1,"minecraft:spider":1,"minecraft:zombie":1}},"DataVersion":3953}