{"stats":{"minecraft:crafted":{"minecraft:cooked_beef":3,"minecraft:wooden_sword":1,"minecraft:oak_planks":22,"minecraft:wooden_shovel":1,"minecraft:crafting_table":1,"minecraft:wooden_pickaxe":1,"minecraft:furnace":1,"minecraft:stick":10,"minecraft:stone_pickaxe":1,"minecraft:wooden_axe":1},"minecraft:custom":{"minecraft:interact_with_furnace":1,"minecraft:mob_kills":18,"minecraft:interact_with_crafting_table":3,"minecraft:leave_game":18,"minecraft:time_since_death":1542,"minecraft:damage_resisted":185011,"minecraft:time_since_rest":1564,"minecraft:sprint_one_cm":609070,"minecraft:damage_taken":11425,"minecraft:walk_one_cm":532608,"minecraft:drop":55,"minecraft:damage_dealt":6903,"minecraft:talked_to_villager":1,"minecraft:fly_one_cm":467664,"minecraft:player_kills":5,"minecraft:open_chest":1,"minecraft:crouch_one_cm":1319,"minecraft:play_time":192436,"minecraft:deaths":33,"minecraft:sneak_time":1022,"minecraft:boat_one_cm":52769,"minecraft:jump":2086,"minecraft:walk_on_water_one_cm":4236,"minecraft:total_world_time":192436,"minecraft:fall_one_cm":56348},"minecraft:broken":{"minecraft:stone_pickaxe":1,"minecraft:stone_sword":1},"minecraft:killed":{"minecraft:spider":2,"minecraft:skeleton":8,"minecraft:zombie":6,"minecraft:enderman":1,"minecraft:cow":1},"minecraft:mined":{"minecraft:dandelion":2,"minecraft:crafting_table":3,"minecraft:short_grass":33,"minecraft:grass_block":10,"minecraft:chest":1,"minecraft:cobblestone":18,"minecraft:tall_grass":30,"minecraft:copper_ore":10,"minecraft:furnace":1,"minecraft:iron_ore":1,"minecraft:fire":4,"minecraft:oak_log":6,"minecraft:coal_ore":24,"minecraft:dirt":9,"minecraft:stone":24},"minecraft:killed_by":{"minecraft:player":27,"minecraft:skeleton":1,"minecraft:zombie":3},"minecraft:picked_up":{"minecraft:crafting_table":3,"minecraft:splash_potion":4,"minecraft:leather":2,"minecraft:yellow_dye":1,"minecraft:oak_log":6,"minecraft:dirt":72,"minecraft:string":1,"minecraft:lantern":2,"minecraft:raw_copper":34,"minecraft:bone":7,"minecraft:wheat_seeds":8,"minecraft:bucket":1,"minecraft:beef":3,"minecraft:stone_pickaxe":1,"minecraft:oak_boat":2,"minecraft:quartz_stairs":4,"minecraft:chest":1,"minecraft:furnace":1,"minecraft:raw_iron":1,"minecraft:milk_bucket":1,"minecraft:dandelion":1,"minecraft:spider_eye":1,"minecraft:rotten_flesh":10,"minecraft:arrow":8,"minecraft:sugar":41,"minecraft:coal":28,"minecraft:cobblestone":47,"minecraft:oxeye_daisy":1},"minecraft:dropped":{"minecraft:stone_axe":1,"minecraft:lantern":2,"minecraft:dirt":1,"minecraft:yellow_dye":1,"minecraft:quartz_stairs":4,"minecraft:oak_boat":1,"minecraft:wooden_sword":1,"minecraft:spider_eye":1,"minecraft:arrow":2,"minecraft:sugar":41},"minecraft:used":{"minecraft:stone_sword":158,"minecraft:stone_shovel":2,"minecraft:stone_pickaxe":137,"minecraft:wooden_pickaxe":3,"minecraft:rotten_flesh":5,"minecraft:dirt":49,"minecraft:crafting_table":3,"minecraft:milk_bucket":1,"minecraft:wooden_axe":20,"minecraft:oxeye_daisy":1,"minecraft:string":1,"minecraft:stone_axe":40,"minecraft:wooden_sword":4,"minecraft:cobblestone":26,"minecraft:furnace":1,"minecraft:oak_boat":1,"minecraft:cooked_beef":3,"minecraft:dandelion":1,"minecraft:splash_potion":4}},"DataVersion":3953}