{"stats":{"minecraft:custom":{"minecraft:time_since_rest":9790,"minecraft:sprint_one_cm":437784,"minecraft:damage_taken":10194,"minecraft:walk_one_cm":371917,"minecraft:mob_kills":16,"minecraft:drop":47,"minecraft:damage_dealt":6330,"minecraft:talked_to_villager":1,"minecraft:fly_one_cm":299209,"minecraft:player_kills":5,"minecraft:crouch_one_cm":1281,"minecraft:play_time":130235,"minecraft:deaths":30,"minecraft:sneak_time":692,"minecraft:boat_one_cm":52769,"minecraft:jump":1321,"minecraft:leave_game":14,"minecraft:walk_on_water_one_cm":2148,"minecraft:time_since_death":9181,"minecraft:total_world_time":130235,"minecraft:damage_resisted":185011,"minecraft:fall_one_cm":41010},"minecraft:broken":{"minecraft:stone_pickaxe":1,"minecraft:stone_sword":1},"minecraft:killed":{"minecraft:skeleton":7,"minecraft:zombie":6,"minecraft:spider":2,"minecraft:enderman":1},"minecraft:mined":{"minecraft:dandelion":1,"minecraft:short_grass":22,"minecraft:grass_block":5,"minecraft:dirt":6,"minecraft:cobblestone":18,"minecraft:tall_grass":24,"minecraft:stone":3},"minecraft:killed_by":{"minecraft:player":25,"minecraft:skeleton":1,"minecraft:zombie":2},"minecraft:picked_up":{"minecraft:milk_bucket":1,"minecraft:splash_potion":4,"minecraft:dandelion":1,"minecraft:string":1,"minecraft:dirt":67,"minecraft:spider_eye":1,"minecraft:arrow":7,"minecraft:bone":7,"minecraft:sugar":41,"minecraft:rotten_flesh":10,"minecraft:wheat_seeds":6,"minecraft:bucket":1,"minecraft:stone_pickaxe":1,"minecraft:oak_boat":2,"minecraft:cobblestone":26,"minecraft:oxeye_daisy":1},"minecraft:dropped":{"minecraft:stone_axe":1,"minecraft:dirt":1,"minecraft:oak_boat":1,"minecraft:spider_eye":1,"minecraft:arrow":2,"minecraft:sugar":41},"minecraft:used":{"minecraft:stone_sword":158,"minecraft:oxeye_daisy":1,"minecraft:stone_shovel":1,"minecraft:stone_pickaxe":83,"minecraft:string":1,"minecraft:stone_axe":40,"minecraft:dirt":44,"minecraft:cobblestone":26,"minecraft:oak_boat":1,"minecraft:dandelion":1,"minecraft:splash_potion":4,"minecraft:milk_bucket":1}},"DataVersion":3953}