{"stats":{"minecraft:crafted":{"minecraft:cooked_beef":3,"minecraft:wooden_sword":1,"minecraft:oak_planks":34,"minecraft:wooden_shovel":1,"minecraft:cooked_porkchop":1,"minecraft:crafting_table":2,"minecraft:baked_potato":4,"minecraft:wooden_pickaxe":1,"minecraft:furnace":1,"minecraft:stone_axe":1,"minecraft:bread":30,"minecraft:oak_boat":1,"minecraft:stick":14,"minecraft:iron_ingot":3,"minecraft:stone_pickaxe":2,"minecraft:wooden_axe":1,"minecraft:stone_sword":1,"minecraft:wheat":104},"minecraft:custom":{"minecraft:interact_with_furnace":7,"minecraft:mob_kills":22,"minecraft:interact_with_crafting_table":13,"minecraft:leave_game":18,"minecraft:time_since_death":16248,"minecraft:sleep_in_bed":4,"minecraft:climb_one_cm":1505,"minecraft:damage_resisted":185011,"minecraft:time_since_rest":5544,"minecraft:sprint_one_cm":873675,"minecraft:damage_taken":12572,"minecraft:walk_one_cm":675982,"minecraft:drop":60,"minecraft:damage_dealt":7831,"minecraft:talked_to_villager":1,"minecraft:fly_one_cm":962853,"minecraft:player_kills":5,"minecraft:open_chest":6,"minecraft:crouch_one_cm":1319,"minecraft:play_time":258436,"minecraft:deaths":35,"minecraft:sneak_time":1022,"minecraft:walk_under_water_one_cm":1935,"minecraft:boat_one_cm":62527,"minecraft:jump":4126,"minecraft:walk_on_water_one_cm":28216,"minecraft:total_world_time":258436,"minecraft:fall_one_cm":115053},"minecraft:broken":{"minecraft:stone_pickaxe":1,"minecraft:stone_sword":1},"minecraft:killed":{"minecraft:pig":1,"minecraft:zombie_villager":1,"minecraft:spider":3,"minecraft:skeleton":8,"minecraft:pillager":1,"minecraft:zombie":6,"minecraft:enderman":1,"minecraft:cow":1},"minecraft:killed_by":{"minecraft:player":27,"minecraft:skeleton":1,"minecraft:zombie":3,"minecraft:pillager":1},"minecraft:mined":{"minecraft:jungle_slab":1,"minecraft:dandelion":2,"minecraft:crafting_table":10,"minecraft:short_grass":38,"minecraft:grass_block":10,"minecraft:chest":1,"minecraft:cobblestone":18,"minecraft:tall_grass":30,"minecraft:copper_ore":10,"minecraft:spruce_leaves":1,"minecraft:wall_torch":2,"minecraft:hay_block":12,"minecraft:furnace":4,"minecraft:iron_ore":1,"minecraft:fire":4,"minecraft:spruce_log":12,"minecraft:pumpkin":8,"minecraft:yellow_bed":5,"minecraft:oak_log":9,"minecraft:coal_ore":25,"minecraft:dirt":9,"minecraft:stone":24,"minecraft:oak_leaves":8},"minecraft:picked_up":{"minecraft:crafting_table":10,"minecraft:splash_potion":4,"minecraft:leather":2,"minecraft:yellow_dye":1,"minecraft:oak_log":9,"minecraft:yellow_bed":5,"minecraft:dirt":72,"minecraft:string":1,"minecraft:lantern":2,"minecraft:raw_copper":34,"minecraft:bone":7,"minecraft:wheat_seeds":9,"minecraft:bucket":1,"minecraft:beef":3,"minecraft:stone_pickaxe":1,"minecraft:oak_boat":3,"minecraft:sugar_cane":10,"minecraft:quartz_stairs":4,"minecraft:chest":1,"minecraft:furnace":4,"minecraft:raw_iron":1,"minecraft:milk_bucket":1,"minecraft:pumpkin":8,"minecraft:torch":2,"minecraft:dandelion":1,"minecraft:porkchop":1,"minecraft:spruce_sapling":2,"minecraft:spruce_log":12,"minecraft:jungle_slab":1,"minecraft:spider_eye":1,"minecraft:rotten_flesh":11,"minecraft:arrow":8,"minecraft:sugar":41,"minecraft:hay_block":12,"minecraft:oak_sapling":1,"minecraft:coal":51,"minecraft:snowball":24,"minecraft:cobblestone":47,"minecraft:oxeye_daisy":1},"minecraft:dropped":{"minecraft:stone_axe":1,"minecraft:rotten_flesh":1,"minecraft:lantern":2,"minecraft:leather":2,"minecraft:dirt":1,"minecraft:yellow_dye":1,"minecraft:quartz_stairs":4,"minecraft:map":3,"minecraft:oak_boat":1,"minecraft:wooden_sword":1,"minecraft:spider_eye":1,"minecraft:arrow":2,"minecraft:sugar":41,"minecraft:spruce_sapling":2},"minecraft:used":{"minecraft:stone_sword":198,"minecraft:stone_shovel":2,"minecraft:stone_pickaxe":141,"minecraft:baked_potato":4,"minecraft:wooden_pickaxe":3,"minecraft:rotten_flesh":5,"minecraft:dirt":49,"minecraft:crafting_table":10,"minecraft:snowball":16,"minecraft:spruce_log":5,"minecraft:milk_bucket":1,"minecraft:wooden_axe":30,"minecraft:apple":2,"minecraft:oxeye_daisy":1,"minecraft:bread":19,"minecraft:string":1,"minecraft:stone_axe":58,"minecraft:wooden_sword":4,"minecraft:cobblestone":26,"minecraft:oak_sapling":1,"minecraft:furnace":4,"minecraft:cooked_porkchop":1,"minecraft:yellow_bed":4,"minecraft:oak_boat":2,"minecraft:cooked_beef":3,"minecraft:dandelion":1,"minecraft:pumpkin":1,"minecraft:splash_potion":4}},"DataVersion":3953}