{"stats":{"minecraft:crafted":{"minecraft:cooked_beef":3,"minecraft:wooden_sword":1,"minecraft:oak_planks":34,"minecraft:wooden_shovel":1,"minecraft:cooked_porkchop":1,"minecraft:crafting_table":2,"minecraft:baked_potato":4,"minecraft:wooden_pickaxe":1,"minecraft:furnace":1,"minecraft:stone_axe":1,"minecraft:bread":30,"minecraft:oak_boat":1,"minecraft:iron_axe":1,"minecraft:stick":14,"minecraft:iron_ingot":3,"minecraft:stone_pickaxe":2,"minecraft:wooden_axe":1,"minecraft:stone_sword":1,"minecraft:wheat":104},"minecraft:custom":{"minecraft:interact_with_furnace":7,"minecraft:mob_kills":22,"minecraft:interact_with_crafting_table":16,"minecraft:leave_game":18,"minecraft:time_since_death":40248,"minecraft:sleep_in_bed":6,"minecraft:climb_one_cm":1505,"minecraft:damage_resisted":185011,"minecraft:time_since_rest":3910,"minecraft:sprint_one_cm":952778,"minecraft:damage_taken":12746,"minecraft:walk_one_cm":722228,"minecraft:drop":62,"minecraft:damage_dealt":7831,"minecraft:talked_to_villager":1,"minecraft:fly_one_cm":1016198,"minecraft:player_kills":5,"minecraft:open_chest":10,"minecraft:crouch_one_cm":1319,"minecraft:play_time":282436,"minecraft:deaths":35,"minecraft:sneak_time":1034,"minecraft:walk_under_water_one_cm":2708,"minecraft:boat_one_cm":84093,"minecraft:jump":4589,"minecraft:walk_on_water_one_cm":35025,"minecraft:total_world_time":282436,"minecraft:fall_one_cm":128441},"minecraft:broken":{"minecraft:stone_pickaxe":1,"minecraft:stone_axe":1,"minecraft:stone_sword":1},"minecraft:killed":{"minecraft:pig":1,"minecraft:zombie_villager":1,"minecraft:spider":3,"minecraft:skeleton":8,"minecraft:pillager":1,"minecraft:zombie":6,"minecraft:enderman":1,"minecraft:cow":1},"minecraft:killed_by":{"minecraft:player":27,"minecraft:skeleton":1,"minecraft:zombie":3,"minecraft:pillager":1},"minecraft:mined":{"minecraft:dark_oak_leaves":3,"minecraft:jungle_slab":1,"minecraft:stripped_dark_oak_log":2,"minecraft:dark_oak_log":244,"minecraft:dandelion":2,"minecraft:crafting_table":11,"minecraft:short_grass":39,"minecraft:grass_block":10,"minecraft:chest":1,"minecraft:cobblestone":18,"minecraft:tall_grass":30,"minecraft:copper_ore":10,"minecraft:spruce_leaves":4,"minecraft:wall_torch":2,"minecraft:large_fern":1,"minecraft:hay_block":12,"minecraft:furnace":4,"minecraft:iron_ore":3,"minecraft:fire":4,"minecraft:spruce_log":23,"minecraft:pumpkin":8,"minecraft:yellow_bed":6,"minecraft:oak_log":9,"minecraft:coal_ore":25,"minecraft:dirt":9,"minecraft:stone":25,"minecraft:oak_leaves":11},"minecraft:picked_up":{"minecraft:crafting_table":11,"minecraft:splash_potion":4,"minecraft:leather":2,"minecraft:yellow_dye":1,"minecraft:oak_log":9,"minecraft:yellow_bed":6,"minecraft:dirt":72,"minecraft:string":1,"minecraft:lantern":2,"minecraft:iron_axe":1,"minecraft:raw_copper":34,"minecraft:bone":7,"minecraft:wheat_seeds":9,"minecraft:bucket":1,"minecraft:beef":3,"minecraft:stone_pickaxe":1,"minecraft:oak_boat":4,"minecraft:sugar_cane":10,"minecraft:quartz_stairs":4,"minecraft:chest":1,"minecraft:furnace":4,"minecraft:dark_oak_sapling":6,"minecraft:raw_iron":3,"minecraft:milk_bucket":1,"minecraft:pumpkin":8,"minecraft:torch":2,"minecraft:dandelion":1,"minecraft:porkchop":1,"minecraft:spruce_sapling":2,"minecraft:dark_oak_log":233,"minecraft:spruce_log":23,"minecraft:jungle_slab":1,"minecraft:spider_eye":1,"minecraft:rotten_flesh":11,"minecraft:arrow":8,"minecraft:sugar":41,"minecraft:hay_block":12,"minecraft:stripped_dark_oak_log":3,"minecraft:oak_sapling":1,"minecraft:coal":51,"minecraft:snowball":24,"minecraft:cobblestone":48,"minecraft:oxeye_daisy":1},"minecraft:dropped":{"minecraft:stone_axe":1,"minecraft:stripped_dark_oak_log":1,"minecraft:rotten_flesh":1,"minecraft:lantern":2,"minecraft:leather":2,"minecraft:dirt":1,"minecraft:yellow_dye":1,"minecraft:quartz_stairs":4,"minecraft:map":3,"minecraft:oak_boat":1,"minecraft:wooden_sword":1,"minecraft:spider_eye":1,"minecraft:iron_axe":1,"minecraft:arrow":2,"minecraft:sugar":41,"minecraft:spruce_sapling":2},"minecraft:used":{"minecraft:stone_sword":201,"minecraft:stone_shovel":2,"minecraft:stone_pickaxe":144,"minecraft:baked_potato":4,"minecraft:chest":1,"minecraft:wooden_pickaxe":3,"minecraft:rotten_flesh":5,"minecraft:dirt":49,"minecraft:crafting_table":12,"minecraft:snowball":16,"minecraft:spruce_log":6,"minecraft:milk_bucket":1,"minecraft:wooden_axe":30,"minecraft:apple":2,"minecraft:oxeye_daisy":1,"minecraft:dark_oak_log":3,"minecraft:iron_axe":152,"minecraft:bread":25,"minecraft:string":1,"minecraft:stone_axe":172,"minecraft:wooden_sword":4,"minecraft:cobblestone":26,"minecraft:oak_sapling":1,"minecraft:furnace":4,"minecraft:cooked_porkchop":1,"minecraft:yellow_bed":6,"minecraft:oak_boat":3,"minecraft:dark_oak_sapling":5,"minecraft:cooked_beef":3,"minecraft:dandelion":1,"minecraft:pumpkin":1,"minecraft:splash_potion":4}},"DataVersion":3953}