{"stats":{"minecraft:mined":{"minecraft:dandelion":1,"minecraft:short_grass":17,"minecraft:grass_block":3,"minecraft:dirt":4,"minecraft:tall_grass":18,"minecraft:cobblestone":10,"minecraft:stone":3},"minecraft:killed_by":{"minecraft:player":16,"minecraft:skeleton":1,"minecraft:zombie":2},"minecraft:killed":{"minecraft:skeleton":7,"minecraft:zombie":6,"minecraft:spider":2,"minecraft:enderman":1},"minecraft:dropped":{"minecraft:dirt":1,"minecraft:oak_boat":1,"minecraft:spider_eye":1,"minecraft:arrow":2,"minecraft:sugar":41},"minecraft:custom":{"minecraft:time_since_rest":3752,"minecraft:sprint_one_cm":343704,"minecraft:damage_taken":6787,"minecraft:walk_one_cm":277160,"minecraft:mob_kills":16,"minecraft:drop":46,"minecraft:damage_dealt":5112,"minecraft:talked_to_villager":1,"minecraft:player_kills":3,"minecraft:fly_one_cm":188763,"minecraft:crouch_one_cm":1176,"minecraft:play_time":98971,"minecraft:deaths":20,"minecraft:sneak_time":615,"minecraft:boat_one_cm":52769,"minecraft:jump":866,"minecraft:leave_game":12,"minecraft:walk_on_water_one_cm":1215,"minecraft:time_since_death":3524,"minecraft:total_world_time":98971,"minecraft:damage_resisted":15027,"minecraft:fall_one_cm":33037},"minecraft:broken":{"minecraft:stone_sword":1},"minecraft:used":{"minecraft:stone_sword":158,"minecraft:oxeye_daisy":1,"minecraft:stone_shovel":1,"minecraft:stone_pickaxe":18,"minecraft:string":1,"minecraft:stone_axe":14,"minecraft:dirt":43,"minecraft:cobblestone":5,"minecraft:oak_boat":1,"minecraft:dandelion":1,"minecraft:splash_potion":4,"minecraft:milk_bucket":1},"minecraft:picked_up":{"minecraft:milk_bucket":1,"minecraft:splash_potion":4,"minecraft:dandelion":1,"minecraft:spider_eye":1,"minecraft:string":1,"minecraft:dirt":49,"minecraft:arrow":7,"minecraft:bone":7,"minecraft:sugar":41,"minecraft:rotten_flesh":10,"minecraft:wheat_seeds":4,"minecraft:bucket":1,"minecraft:oak_boat":2,"minecraft:cobblestone":18,"minecraft:oxeye_daisy":1}},"DataVersion":3953}