{"stats":{"minecraft:dropped":{"minecraft:iron_ingot":3,"minecraft:bread":46,"minecraft:glass_bottle":2,"minecraft:bowl":1,"minecraft:rotten_flesh":4,"minecraft:white_bed":1,"minecraft:beetroot_seeds":1,"minecraft:spider_eye":1},"minecraft:used":{"minecraft:oak_planks":1,"minecraft:poppy":1,"minecraft:spruce_planks":1,"minecraft:white_terracotta":4,"minecraft:dirt":2,"minecraft:crafting_table":2,"minecraft:white_bed":1,"minecraft:iron_axe":75,"minecraft:oak_stairs":2,"minecraft:bread":13,"minecraft:suspicious_stew":1,"minecraft:hay_block":1,"minecraft:beetroot_seeds":1,"minecraft:birch_log":3,"minecraft:egg":1,"minecraft:dandelion":1},"minecraft:custom":{"minecraft:mob_kills":13,"minecraft:interact_with_crafting_table":2,"minecraft:bell_ring":26,"minecraft:leave_game":2,"minecraft:time_since_death":8868,"minecraft:time_since_rest":8969,"minecraft:sprint_one_cm":93541,"minecraft:damage_taken":1764,"minecraft:walk_one_cm":109488,"minecraft:drop":59,"minecraft:damage_dealt":3163,"minecraft:fly_one_cm":22787,"minecraft:open_chest":1,"minecraft:play_time":36896,"minecraft:deaths":4,"minecraft:sneak_time":108,"minecraft:walk_under_water_one_cm":5911,"minecraft:jump":312,"minecraft:walk_on_water_one_cm":24984,"minecraft:total_world_time":36896,"minecraft:fall_one_cm":3815},"minecraft:picked_up":{"minecraft:birch_log":3,"minecraft:crafting_table":3,"minecraft:suspicious_stew":1,"minecraft:oak_stairs":2,"minecraft:oak_log":2,"minecraft:dirt":2,"minecraft:paper":12,"minecraft:iron_axe":3,"minecraft:beetroot":1,"minecraft:wheat_seeds":2,"minecraft:spruce_planks":1,"minecraft:iron_ingot":3,"minecraft:poppy":1,"minecraft:glass_bottle":2,"minecraft:oak_planks":1,"minecraft:egg":1,"minecraft:stick":3,"minecraft:torch":3,"minecraft:dandelion":1,"minecraft:porkchop":2,"minecraft:white_bed":2,"minecraft:redstone":8,"minecraft:spider_eye":2,"minecraft:rotten_flesh":4,"minecraft:diamond":6,"minecraft:beetroot_seeds":3,"minecraft:hay_block":14,"minecraft:bread":109,"minecraft:white_terracotta":4,"minecraft:oak_sapling":128,"minecraft:coal":2},"minecraft:crafted":{"minecraft:oak_planks":4,"minecraft:crafting_table":1,"minecraft:bread":39,"minecraft:wheat":113},"minecraft:killed":{"minecraft:pig":1,"minecraft:witch":2,"minecraft:spider":3,"minecraft:iron_golem":1,"minecraft:zombie":4,"minecraft:villager":2},"minecraft:mined":{"minecraft:white_bed":1,"minecraft:dandelion":1,"minecraft:crafting_table":2,"minecraft:short_grass":9,"minecraft:tall_grass":1,"minecraft:oak_planks":1,"minecraft:hay_block":14,"minecraft:birch_log":1,"minecraft:wheat":1,"minecraft:oak_log":1,"minecraft:dirt_path":1,"minecraft:beetroots":1,"minecraft:oak_stairs":1,"minecraft:dirt":2,"minecraft:oak_leaves":1},"minecraft:killed_by":{"minecraft:creeper":1,"minecraft:spider":1,"minecraft:zombie":2}},"DataVersion":3953}