{"stats":{"minecraft:mined":{"minecraft:short_grass":12,"minecraft:grass_block":2,"minecraft:dirt":2,"minecraft:tall_grass":13,"minecraft:stone":3},"minecraft:killed_by":{"minecraft:player":6,"minecraft:skeleton":1,"minecraft:zombie":2},"minecraft:used":{"minecraft:stone_sword":119,"minecraft:stone_shovel":1,"minecraft:stone_pickaxe":3,"minecraft:dirt":12,"minecraft:splash_potion":2,"minecraft:milk_bucket":1},"minecraft:dropped":{"minecraft:dirt":1,"minecraft:arrow":2,"minecraft:sugar":24},"minecraft:picked_up":{"minecraft:milk_bucket":1,"minecraft:splash_potion":2,"minecraft:dirt":13,"minecraft:arrow":4,"minecraft:bone":1,"minecraft:sugar":41,"minecraft:rotten_flesh":6,"minecraft:wheat_seeds":3,"minecraft:bucket":1,"minecraft:cobblestone":8},"minecraft:killed":{"minecraft:skeleton":4,"minecraft:zombie":5,"minecraft:spider":1},"minecraft:custom":{"minecraft:time_since_rest":31493,"minecraft:sprint_one_cm":200246,"minecraft:damage_taken":3509,"minecraft:walk_one_cm":180482,"minecraft:mob_kills":10,"minecraft:drop":27,"minecraft:damage_dealt":3188,"minecraft:player_kills":1,"minecraft:fly_one_cm":69598,"minecraft:crouch_one_cm":263,"minecraft:play_time":68576,"minecraft:deaths":10,"minecraft:sneak_time":259,"minecraft:boat_one_cm":32267,"minecraft:jump":383,"minecraft:leave_game":10,"minecraft:walk_on_water_one_cm":933,"minecraft:time_since_death":30780,"minecraft:total_world_time":68576,"minecraft:damage_resisted":15027,"minecraft:fall_one_cm":27552}},"DataVersion":3953}