{"stats":{"minecraft:used":{"minecraft:iron_axe":10,"minecraft:oak_stairs":2,"minecraft:oak_planks":1,"minecraft:birch_log":3,"minecraft:egg":1,"minecraft:white_terracotta":4},"minecraft:custom":{"minecraft:time_since_rest":704,"minecraft:play_time":14470,"minecraft:sprint_one_cm":55099,"minecraft:deaths":3,"minecraft:damage_taken":762,"minecraft:walk_one_cm":58716,"minecraft:walk_under_water_one_cm":3092,"minecraft:mob_kills":3,"minecraft:jump":167,"minecraft:damage_dealt":656,"minecraft:leave_game":1,"minecraft:walk_on_water_one_cm":8515,"minecraft:time_since_death":651,"minecraft:total_world_time":14470,"minecraft:fall_one_cm":1988,"minecraft:fly_one_cm":12875},"minecraft:picked_up":{"minecraft:iron_axe":2,"minecraft:birch_log":3,"minecraft:torch":2,"minecraft:oak_stairs":2,"minecraft:oak_log":2,"minecraft:white_terracotta":4,"minecraft:oak_sapling":64,"minecraft:oak_planks":1,"minecraft:spider_eye":1,"minecraft:egg":1},"minecraft:killed":{"minecraft:spider":2,"minecraft:zombie":1},"minecraft:mined":{"minecraft:short_grass":6,"minecraft:oak_log":1,"minecraft:oak_stairs":1,"minecraft:birch_log":1,"minecraft:oak_planks":1,"minecraft:oak_leaves":1},"minecraft:killed_by":{"minecraft:creeper":1,"minecraft:spider":1,"minecraft:zombie":1}},"DataVersion":3953}