{"stats":{"minecraft:custom":{"minecraft:time_since_rest":28905,"minecraft:sprint_one_cm":489724,"minecraft:damage_taken":10858,"minecraft:walk_one_cm":466761,"minecraft:mob_kills":16,"minecraft:drop":54,"minecraft:damage_dealt":6536,"minecraft:talked_to_villager":1,"minecraft:fly_one_cm":360114,"minecraft:player_kills":5,"minecraft:crouch_one_cm":1319,"minecraft:play_time":162450,"minecraft:deaths":32,"minecraft:sneak_time":1022,"minecraft:boat_one_cm":52769,"minecraft:jump":1566,"minecraft:leave_game":18,"minecraft:walk_on_water_one_cm":2148,"minecraft:time_since_death":28672,"minecraft:total_world_time":162450,"minecraft:damage_resisted":185011,"minecraft:fall_one_cm":42473},"minecraft:broken":{"minecraft:stone_pickaxe":1,"minecraft:stone_sword":1},"minecraft:killed":{"minecraft:skeleton":7,"minecraft:zombie":6,"minecraft:spider":2,"minecraft:enderman":1},"minecraft:mined":{"minecraft:dandelion":2,"minecraft:short_grass":31,"minecraft:grass_block":7,"minecraft:dirt":9,"minecraft:tall_grass":30,"minecraft:cobblestone":18,"minecraft:stone":3},"minecraft:killed_by":{"minecraft:player":27,"minecraft:skeleton":1,"minecraft:zombie":2},"minecraft:picked_up":{"minecraft:milk_bucket":1,"minecraft:splash_potion":4,"minecraft:yellow_dye":1,"minecraft:dandelion":1,"minecraft:string":1,"minecraft:dirt":69,"minecraft:spider_eye":1,"minecraft:lantern":2,"minecraft:arrow":7,"minecraft:bone":7,"minecraft:sugar":41,"minecraft:rotten_flesh":10,"minecraft:wheat_seeds":6,"minecraft:bucket":1,"minecraft:stone_pickaxe":1,"minecraft:oak_boat":2,"minecraft:quartz_stairs":4,"minecraft:cobblestone":26,"minecraft:oxeye_daisy":1},"minecraft:dropped":{"minecraft:stone_axe":1,"minecraft:dirt":1,"minecraft:yellow_dye":1,"minecraft:quartz_stairs":4,"minecraft:oak_boat":1,"minecraft:spider_eye":1,"minecraft:lantern":2,"minecraft:arrow":2,"minecraft:sugar":41},"minecraft:used":{"minecraft:stone_sword":158,"minecraft:oxeye_daisy":1,"minecraft:stone_shovel":2,"minecraft:stone_pickaxe":83,"minecraft:string":1,"minecraft:rotten_flesh":5,"minecraft:stone_axe":40,"minecraft:dirt":46,"minecraft:cobblestone":26,"minecraft:oak_boat":1,"minecraft:dandelion":1,"minecraft:splash_potion":4,"minecraft:milk_bucket":1}},"DataVersion":3953}