{"stats":{"minecraft:mined":{"minecraft:dandelion":1,"minecraft:short_grass":12,"minecraft:grass_block":2,"minecraft:dirt":2,"minecraft:tall_grass":13,"minecraft:cobblestone":10,"minecraft:stone":3},"minecraft:killed_by":{"minecraft:player":11,"minecraft:skeleton":1,"minecraft:zombie":2},"minecraft:killed":{"minecraft:skeleton":6,"minecraft:zombie":5,"minecraft:spider":2},"minecraft:dropped":{"minecraft:dirt":1,"minecraft:spider_eye":1,"minecraft:arrow":2,"minecraft:sugar":33},"minecraft:custom":{"minecraft:time_since_rest":357,"minecraft:sprint_one_cm":252059,"minecraft:damage_taken":4974,"minecraft:walk_one_cm":212189,"minecraft:mob_kills":13,"minecraft:drop":37,"minecraft:damage_dealt":3762,"minecraft:player_kills":2,"minecraft:fly_one_cm":121006,"minecraft:crouch_one_cm":263,"minecraft:play_time":76983,"minecraft:deaths":15,"minecraft:sneak_time":274,"minecraft:boat_one_cm":32267,"minecraft:jump":563,"minecraft:leave_game":11,"minecraft:walk_on_water_one_cm":1215,"minecraft:time_since_death":325,"minecraft:total_world_time":76983,"minecraft:damage_resisted":15027,"minecraft:fall_one_cm":30060},"minecraft:used":{"minecraft:stone_sword":137,"minecraft:stone_shovel":1,"minecraft:stone_pickaxe":14,"minecraft:string":1,"minecraft:dirt":12,"minecraft:dandelion":1,"minecraft:splash_potion":2,"minecraft:milk_bucket":1},"minecraft:picked_up":{"minecraft:milk_bucket":1,"minecraft:splash_potion":2,"minecraft:dandelion":1,"minecraft:spider_eye":1,"minecraft:string":1,"minecraft:dirt":13,"minecraft:arrow":6,"minecraft:bone":4,"minecraft:sugar":41,"minecraft:rotten_flesh":9,"minecraft:wheat_seeds":3,"minecraft:bucket":1,"minecraft:cobblestone":18}},"DataVersion":3953}