{"stats":{"minecraft:mined":{"minecraft:dandelion":1,"minecraft:short_grass":21,"minecraft:grass_block":3,"minecraft:dirt":5,"minecraft:tall_grass":19,"minecraft:cobblestone":18,"minecraft:stone":3},"minecraft:killed_by":{"minecraft:player":20,"minecraft:skeleton":1,"minecraft:zombie":2},"minecraft:killed":{"minecraft:skeleton":7,"minecraft:zombie":6,"minecraft:spider":2,"minecraft:enderman":1},"minecraft:dropped":{"minecraft:stone_axe":1,"minecraft:dirt":1,"minecraft:oak_boat":1,"minecraft:spider_eye":1,"minecraft:arrow":2,"minecraft:sugar":41},"minecraft:custom":{"minecraft:time_since_rest":863,"minecraft:sprint_one_cm":393301,"minecraft:damage_taken":8396,"minecraft:walk_one_cm":311955,"minecraft:mob_kills":16,"minecraft:drop":47,"minecraft:damage_dealt":5629,"minecraft:talked_to_villager":1,"minecraft:fly_one_cm":241675,"minecraft:player_kills":5,"minecraft:crouch_one_cm":1176,"minecraft:play_time":110953,"minecraft:deaths":24,"minecraft:sneak_time":630,"minecraft:boat_one_cm":52769,"minecraft:jump":1087,"minecraft:leave_game":12,"minecraft:walk_on_water_one_cm":1250,"minecraft:time_since_death":810,"minecraft:total_world_time":110953,"minecraft:damage_resisted":63667,"minecraft:fall_one_cm":37889},"minecraft:broken":{"minecraft:stone_sword":1},"minecraft:used":{"minecraft:stone_sword":158,"minecraft:oxeye_daisy":1,"minecraft:stone_shovel":1,"minecraft:stone_pickaxe":29,"minecraft:string":1,"minecraft:stone_axe":40,"minecraft:dirt":43,"minecraft:cobblestone":26,"minecraft:oak_boat":1,"minecraft:dandelion":1,"minecraft:splash_potion":4,"minecraft:milk_bucket":1},"minecraft:picked_up":{"minecraft:milk_bucket":1,"minecraft:splash_potion":4,"minecraft:dandelion":1,"minecraft:string":1,"minecraft:dirt":53,"minecraft:spider_eye":1,"minecraft:arrow":7,"minecraft:bone":7,"minecraft:sugar":41,"minecraft:rotten_flesh":10,"minecraft:wheat_seeds":4,"minecraft:bucket":1,"minecraft:stone_pickaxe":1,"minecraft:oak_boat":2,"minecraft:cobblestone":26,"minecraft:oxeye_daisy":1}},"DataVersion":3953}