{"stats":{"minecraft:crafted":{"minecraft:cooked_beef":2,"minecraft:oak_planks":16,"minecraft:fishing_rod":1,"minecraft:crafting_table":1,"minecraft:stick":8,"minecraft:wooden_pickaxe":1,"minecraft:furnace":1},"minecraft:custom":{"minecraft:time_since_rest":43585,"minecraft:interact_with_furnace":3,"minecraft:sprint_one_cm":166586,"minecraft:damage_taken":495,"minecraft:walk_one_cm":128227,"minecraft:mob_kills":3,"minecraft:drop":1,"minecraft:damage_dealt":367,"minecraft:swim_one_cm":803,"minecraft:interact_with_crafting_table":4,"minecraft:fly_one_cm":110192,"minecraft:open_chest":1,"minecraft:crouch_one_cm":738,"minecraft:play_time":63005,"minecraft:deaths":1,"minecraft:sneak_time":2099,"minecraft:walk_under_water_one_cm":277,"minecraft:jump":617,"minecraft:leave_game":1,"minecraft:time_since_death":43556,"minecraft:walk_on_water_one_cm":9715,"minecraft:total_world_time":63005,"minecraft:fish_caught":2,"minecraft:fall_one_cm":13548},"minecraft:killed":{"minecraft:spider":1,"minecraft:cow":2},"minecraft:mined":{"minecraft:furnace":1,"minecraft:fire":5,"minecraft:crafting_table":2,"minecraft:short_grass":13,"minecraft:grass_block":5,"minecraft:oak_log":4,"minecraft:dirt":4,"minecraft:tall_grass":7,"minecraft:stone":15,"minecraft:sugar_cane":11,"minecraft:oak_leaves":4},"minecraft:picked_up":{"minecraft:crafting_table":2,"minecraft:leather":1,"minecraft:oak_log":4,"minecraft:spider_eye":1,"minecraft:string":2,"minecraft:dirt":9,"minecraft:pufferfish":1,"minecraft:tropical_fish":1,"minecraft:wheat_seeds":2,"minecraft:beef":4,"minecraft:sugar_cane":28,"minecraft:cobblestone":15,"minecraft:furnace":1},"minecraft:dropped":{"minecraft:wheat_seeds":1},"minecraft:used":{"minecraft:tropical_fish":1,"minecraft:wooden_pickaxe":18,"minecraft:fishing_rod":6,"minecraft:dirt":9,"minecraft:beef":2,"minecraft:crafting_table":3,"minecraft:furnace":1,"minecraft:cooked_beef":2}},"DataVersion":3953}