{"stats":{"minecraft:crafted":{"minecraft:cooked_beef":2,"minecraft:cooked_cod":4,"minecraft:oak_planks":16,"minecraft:fishing_rod":1,"minecraft:charcoal":5,"minecraft:crafting_table":1,"minecraft:stick":8,"minecraft:wooden_pickaxe":1,"minecraft:furnace":1,"minecraft:torch":4},"minecraft:custom":{"minecraft:time_since_rest":55585,"minecraft:interact_with_furnace":12,"minecraft:sprint_one_cm":177831,"minecraft:damage_taken":655,"minecraft:walk_one_cm":147571,"minecraft:mob_kills":3,"minecraft:drop":2,"minecraft:damage_dealt":367,"minecraft:swim_one_cm":3190,"minecraft:interact_with_crafting_table":5,"minecraft:fly_one_cm":123094,"minecraft:open_chest":1,"minecraft:crouch_one_cm":738,"minecraft:play_time":75005,"minecraft:deaths":1,"minecraft:sneak_time":2099,"minecraft:walk_under_water_one_cm":1929,"minecraft:jump":717,"minecraft:leave_game":1,"minecraft:time_since_death":55556,"minecraft:walk_on_water_one_cm":13792,"minecraft:total_world_time":75005,"minecraft:fish_caught":7,"minecraft:fall_one_cm":14301},"minecraft:killed":{"minecraft:spider":1,"minecraft:cow":2},"minecraft:mined":{"minecraft:furnace":1,"minecraft:kelp_plant":1,"minecraft:fire":5,"minecraft:crafting_table":2,"minecraft:short_grass":13,"minecraft:grass_block":5,"minecraft:oak_log":10,"minecraft:dirt":4,"minecraft:tall_grass":7,"minecraft:stone":15,"minecraft:sugar_cane":11,"minecraft:oak_leaves":7},"minecraft:picked_up":{"minecraft:stick":1,"minecraft:crafting_table":2,"minecraft:salmon":1,"minecraft:leather":1,"minecraft:oak_log":10,"minecraft:spider_eye":1,"minecraft:string":2,"minecraft:dirt":9,"minecraft:pufferfish":1,"minecraft:kelp":2,"minecraft:tropical_fish":1,"minecraft:wheat_seeds":2,"minecraft:beef":4,"minecraft:sugar_cane":28,"minecraft:cod":4,"minecraft:cobblestone":15,"minecraft:furnace":1},"minecraft:dropped":{"minecraft:wheat_seeds":1,"minecraft:cooked_cod":1},"minecraft:used":{"minecraft:tropical_fish":1,"minecraft:wooden_pickaxe":18,"minecraft:torch":1,"minecraft:fishing_rod":17,"minecraft:dirt":9,"minecraft:beef":2,"minecraft:crafting_table":3,"minecraft:furnace":2,"minecraft:cooked_cod":3,"minecraft:cooked_beef":2}},"DataVersion":3953}