{"stats":{"minecraft:crafted":{"minecraft:cooked_beef":2,"minecraft:cooked_cod":13,"minecraft:oak_planks":16,"minecraft:fishing_rod":1,"minecraft:cooked_porkchop":3,"minecraft:crafting_table":1,"minecraft:wooden_pickaxe":1,"minecraft:furnace":1,"minecraft:cooked_salmon":18,"minecraft:charcoal":14,"minecraft:stick":8,"minecraft:torch":4},"minecraft:custom":{"minecraft:interact_with_furnace":41,"minecraft:mob_kills":3,"minecraft:interact_with_crafting_table":5,"minecraft:leave_game":1,"minecraft:time_since_death":115556,"minecraft:sleep_in_bed":1,"minecraft:time_since_rest":1649,"minecraft:sprint_one_cm":371736,"minecraft:damage_taken":755,"minecraft:walk_one_cm":214591,"minecraft:drop":18,"minecraft:damage_dealt":682,"minecraft:talked_to_villager":1,"minecraft:swim_one_cm":18159,"minecraft:fly_one_cm":262696,"minecraft:open_chest":12,"minecraft:crouch_one_cm":738,"minecraft:play_time":135005,"minecraft:deaths":1,"minecraft:sneak_time":3096,"minecraft:walk_under_water_one_cm":6178,"minecraft:jump":1489,"minecraft:walk_on_water_one_cm":22724,"minecraft:total_world_time":135005,"minecraft:fish_caught":26,"minecraft:fall_one_cm":26896},"minecraft:killed":{"minecraft:spider":1,"minecraft:cow":2},"minecraft:mined":{"minecraft:white_bed":3,"minecraft:kelp_plant":1,"minecraft:torch":2,"minecraft:crafting_table":3,"minecraft:short_grass":53,"minecraft:grass_block":6,"minecraft:tall_grass":23,"minecraft:sugar_cane":14,"minecraft:furnace":4,"minecraft:birch_log":6,"minecraft:fire":5,"minecraft:birch_leaves":1,"minecraft:coal_ore":4,"minecraft:oak_log":16,"minecraft:dirt":5,"minecraft:stone":15,"minecraft:oak_leaves":59},"minecraft:picked_up":{"minecraft:wooden_axe":1,"minecraft:birch_log":6,"minecraft:charcoal":3,"minecraft:crafting_table":3,"minecraft:salmon":16,"minecraft:leather":1,"minecraft:enchanted_book":3,"minecraft:oak_log":19,"minecraft:dirt":12,"minecraft:string":2,"minecraft:name_tag":2,"minecraft:pufferfish":2,"minecraft:kelp":3,"minecraft:wheat_seeds":8,"minecraft:beef":4,"minecraft:sugar_cane":38,"minecraft:furnace":5,"minecraft:stick":3,"minecraft:torch":2,"minecraft:porkchop":3,"minecraft:ink_sac":3,"minecraft:white_bed":3,"minecraft:spider_eye":1,"minecraft:rotten_flesh":1,"minecraft:cooked_cod":2,"minecraft:diamond":1,"minecraft:tropical_fish":1,"minecraft:bread":1,"minecraft:oak_sapling":2,"minecraft:coal":4,"minecraft:cod":20,"minecraft:cobblestone":15},"minecraft:dropped":{"minecraft:enchanted_book":2,"minecraft:bread":1,"minecraft:kelp":2,"minecraft:wheat_seeds":1,"minecraft:diamond":1,"minecraft:name_tag":1,"minecraft:pufferfish":1,"minecraft:dirt":1,"minecraft:cooked_cod":2,"minecraft:cooked_salmon":13,"minecraft:spider_eye":1},"minecraft:used":{"minecraft:tropical_fish":1,"minecraft:wooden_pickaxe":33,"minecraft:cooked_salmon":1,"minecraft:torch":2,"minecraft:dirt":10,"minecraft:crafting_table":3,"minecraft:white_bed":2,"minecraft:fishing_rod":76,"minecraft:beef":2,"minecraft:furnace":4,"minecraft:oak_sapling":1,"minecraft:cooked_cod":11,"minecraft:cooked_beef":2}},"DataVersion":3953}