{"stats":{"minecraft:crafted":{"minecraft:oak_planks":16,"minecraft:crafting_table":1,"minecraft:stick":8,"minecraft:wooden_pickaxe":1},"minecraft:custom":{"minecraft:open_chest":1,"minecraft:time_since_rest":13585,"minecraft:damage_taken":315,"minecraft:crouch_one_cm":116,"minecraft:play_time":33005,"minecraft:sprint_one_cm":98667,"minecraft:walk_one_cm":44840,"minecraft:deaths":1,"minecraft:sneak_time":135,"minecraft:mob_kills":2,"minecraft:drop":1,"minecraft:jump":330,"minecraft:damage_dealt":200,"minecraft:leave_game":1,"minecraft:walk_on_water_one_cm":336,"minecraft:time_since_death":13556,"minecraft:total_world_time":33005,"minecraft:interact_with_crafting_table":1,"minecraft:fall_one_cm":7233,"minecraft:fly_one_cm":65693},"minecraft:killed":{"minecraft:cow":2},"minecraft:mined":{"minecraft:short_grass":8,"minecraft:grass_block":2,"minecraft:oak_log":4,"minecraft:dirt":2,"minecraft:tall_grass":4,"minecraft:oak_leaves":4,"minecraft:crafting_table":1},"minecraft:picked_up":{"minecraft:crafting_table":1,"minecraft:leather":1,"minecraft:wheat_seeds":1,"minecraft:beef":4,"minecraft:oak_log":4,"minecraft:dirt":4},"minecraft:dropped":{"minecraft:wheat_seeds":1},"minecraft:used":{"minecraft:dirt":2,"minecraft:beef":2,"minecraft:crafting_table":1}},"DataVersion":3953}