{"stats":{"minecraft:crafted":{"minecraft:cooked_beef":2,"minecraft:cooked_cod":13,"minecraft:oak_planks":16,"minecraft:fishing_rod":1,"minecraft:cooked_porkchop":3,"minecraft:crafting_table":1,"minecraft:wooden_pickaxe":1,"minecraft:furnace":1,"minecraft:cooked_salmon":18,"minecraft:charcoal":14,"minecraft:stick":8,"minecraft:torch":4},"minecraft:custom":{"minecraft:interact_with_furnace":41,"minecraft:mob_kills":3,"minecraft:interact_with_crafting_table":5,"minecraft:leave_game":1,"minecraft:time_since_death":91556,"minecraft:time_since_rest":91585,"minecraft:sprint_one_cm":258369,"minecraft:damage_taken":725,"minecraft:walk_one_cm":181642,"minecraft:drop":13,"minecraft:damage_dealt":367,"minecraft:swim_one_cm":7250,"minecraft:fly_one_cm":179300,"minecraft:open_chest":1,"minecraft:crouch_one_cm":738,"minecraft:play_time":111005,"minecraft:deaths":1,"minecraft:sneak_time":2860,"minecraft:walk_under_water_one_cm":2619,"minecraft:jump":1110,"minecraft:walk_on_water_one_cm":19445,"minecraft:total_world_time":111005,"minecraft:fish_caught":26,"minecraft:fall_one_cm":20368},"minecraft:killed":{"minecraft:spider":1,"minecraft:cow":2},"minecraft:mined":{"minecraft:kelp_plant":1,"minecraft:torch":1,"minecraft:crafting_table":3,"minecraft:short_grass":47,"minecraft:grass_block":5,"minecraft:tall_grass":12,"minecraft:sugar_cane":11,"minecraft:furnace":4,"minecraft:birch_log":6,"minecraft:fire":5,"minecraft:birch_leaves":1,"minecraft:coal_ore":2,"minecraft:oak_log":16,"minecraft:dirt":5,"minecraft:stone":15,"minecraft:oak_leaves":59},"minecraft:picked_up":{"minecraft:wooden_axe":1,"minecraft:birch_log":6,"minecraft:charcoal":3,"minecraft:crafting_table":3,"minecraft:salmon":16,"minecraft:leather":1,"minecraft:enchanted_book":3,"minecraft:oak_log":19,"minecraft:dirt":10,"minecraft:string":2,"minecraft:name_tag":2,"minecraft:pufferfish":1,"minecraft:kelp":2,"minecraft:wheat_seeds":7,"minecraft:beef":4,"minecraft:sugar_cane":28,"minecraft:furnace":5,"minecraft:stick":3,"minecraft:torch":1,"minecraft:porkchop":3,"minecraft:spider_eye":1,"minecraft:rotten_flesh":1,"minecraft:cooked_cod":2,"minecraft:diamond":1,"minecraft:tropical_fish":1,"minecraft:oak_sapling":2,"minecraft:coal":2,"minecraft:cod":20,"minecraft:cobblestone":15},"minecraft:dropped":{"minecraft:enchanted_book":2,"minecraft:kelp":1,"minecraft:wheat_seeds":1,"minecraft:diamond":1,"minecraft:name_tag":1,"minecraft:cooked_cod":2,"minecraft:cooked_salmon":13},"minecraft:used":{"minecraft:tropical_fish":1,"minecraft:wooden_pickaxe":30,"minecraft:cooked_salmon":1,"minecraft:torch":1,"minecraft:dirt":10,"minecraft:crafting_table":3,"minecraft:fishing_rod":76,"minecraft:beef":2,"minecraft:furnace":4,"minecraft:oak_sapling":1,"minecraft:cooked_cod":8,"minecraft:cooked_beef":2}},"DataVersion":3953}