{"stats":{"minecraft:crafted":{"minecraft:cooked_beef":2,"minecraft:sugar":1,"minecraft:cooked_cod":13,"minecraft:oak_planks":16,"minecraft:fishing_rod":1,"minecraft:cooked_porkchop":3,"minecraft:crafting_table":1,"minecraft:wooden_pickaxe":1,"minecraft:furnace":1,"minecraft:cooked_salmon":18,"minecraft:pumpkin_seeds":4,"minecraft:charcoal":14,"minecraft:iron_axe":1,"minecraft:stick":8,"minecraft:pumpkin_pie":1,"minecraft:torch":4,"minecraft:stone_hoe":1},"minecraft:broken":{"minecraft:fishing_rod":1},"minecraft:custom":{"minecraft:interact_with_furnace":48,"minecraft:mob_kills":7,"minecraft:interact_with_crafting_table":10,"minecraft:open_barrel":17,"minecraft:leave_game":1,"minecraft:time_since_death":169556,"minecraft:sleep_in_bed":3,"minecraft:time_since_rest":29234,"minecraft:sprint_one_cm":544308,"minecraft:damage_taken":1091,"minecraft:walk_one_cm":252812,"minecraft:drop":20,"minecraft:damage_dealt":1128,"minecraft:talked_to_villager":13,"minecraft:swim_one_cm":20826,"minecraft:fly_one_cm":427252,"minecraft:open_chest":13,"minecraft:crouch_one_cm":998,"minecraft:play_time":189005,"minecraft:deaths":1,"minecraft:sneak_time":3919,"minecraft:walk_under_water_one_cm":10309,"minecraft:jump":2332,"minecraft:walk_on_water_one_cm":33926,"minecraft:total_world_time":189005,"minecraft:fish_caught":26,"minecraft:fall_one_cm":49352,"minecraft:horse_one_cm":2405},"minecraft:killed":{"minecraft:spider":1,"minecraft:sheep":3,"minecraft:zombie":1,"minecraft:cow":2},"minecraft:mined":{"minecraft:white_bed":5,"minecraft:farmland":5,"minecraft:kelp_plant":1,"minecraft:torch":3,"minecraft:crafting_table":3,"minecraft:short_grass":89,"minecraft:grass_block":8,"minecraft:cobblestone":1,"minecraft:tall_grass":45,"minecraft:sugar_cane":16,"minecraft:furnace":4,"minecraft:carrots":1,"minecraft:wheat":4,"minecraft:barrel":13,"minecraft:birch_log":6,"minecraft:fire":5,"minecraft:birch_leaves":1,"minecraft:pumpkin_stem":2,"minecraft:pumpkin":18,"minecraft:fletching_table":2,"minecraft:coal_ore":4,"minecraft:oak_log":16,"minecraft:beetroots":1,"minecraft:dirt_path":2,"minecraft:sand":15,"minecraft:dirt":10,"minecraft:stone":15,"minecraft:oak_leaves":59},"minecraft:picked_up":{"minecraft:wooden_axe":1,"minecraft:birch_log":6,"minecraft:charcoal":3,"minecraft:crafting_table":3,"minecraft:salmon":16,"minecraft:leather":1,"minecraft:golden_leggings":1,"minecraft:enchanted_book":3,"minecraft:oak_log":19,"minecraft:dirt":26,"minecraft:string":2,"minecraft:name_tag":2,"minecraft:pufferfish":2,"minecraft:beetroot":1,"minecraft:kelp":3,"minecraft:wheat_seeds":17,"minecraft:iron_ingot":3,"minecraft:beef":4,"minecraft:fletching_table":2,"minecraft:sugar_cane":44,"minecraft:egg":1,"minecraft:furnace":5,"minecraft:stick":5,"minecraft:pumpkin":18,"minecraft:torch":3,"minecraft:porkchop":3,"minecraft:sand":14,"minecraft:ink_sac":3,"minecraft:white_bed":5,"minecraft:carrot":2,"minecraft:barrel":13,"minecraft:spider_eye":1,"minecraft:rotten_flesh":2,"minecraft:cooked_cod":2,"minecraft:diamond":1,"minecraft:tropical_fish":1,"minecraft:beetroot_seeds":5,"minecraft:bread":1,"minecraft:oak_sapling":2,"minecraft:mutton":4,"minecraft:coal":4,"minecraft:cod":20,"minecraft:white_wool":3,"minecraft:cobblestone":16},"minecraft:dropped":{"minecraft:enchanted_book":2,"minecraft:bread":1,"minecraft:kelp":2,"minecraft:wheat_seeds":1,"minecraft:diamond":1,"minecraft:name_tag":1,"minecraft:pufferfish":1,"minecraft:dirt":1,"minecraft:beetroot_seeds":2,"minecraft:cooked_cod":2,"minecraft:cooked_salmon":13,"minecraft:spider_eye":1},"minecraft:used":{"minecraft:tropical_fish":1,"minecraft:wooden_pickaxe":34,"minecraft:fletching_table":1,"minecraft:cooked_salmon":5,"minecraft:stone_hoe":28,"minecraft:torch":3,"minecraft:sand":7,"minecraft:dirt":18,"minecraft:crafting_table":4,"minecraft:carrot":1,"minecraft:white_bed":5,"minecraft:pumpkin_seeds":4,"minecraft:iron_axe":1,"minecraft:barrel":16,"minecraft:fishing_rod":77,"minecraft:beef":2,"minecraft:cooked_porkchop":3,"minecraft:furnace":6,"minecraft:oak_sapling":1,"minecraft:cooked_cod":13,"minecraft:beetroot_seeds":3,"minecraft:potato":1,"minecraft:cooked_beef":2,"minecraft:pumpkin":6,"minecraft:wheat_seeds":8}},"DataVersion":3953}