{"stats":{"minecraft:crafted":{"minecraft:cooked_beef":2,"minecraft:cooked_cod":13,"minecraft:oak_planks":16,"minecraft:fishing_rod":1,"minecraft:charcoal":14,"minecraft:cooked_porkchop":3,"minecraft:crafting_table":1,"minecraft:stick":8,"minecraft:wooden_pickaxe":1,"minecraft:furnace":1,"minecraft:cooked_salmon":18,"minecraft:torch":4},"minecraft:custom":{"minecraft:time_since_rest":79585,"minecraft:interact_with_furnace":39,"minecraft:sprint_one_cm":201378,"minecraft:damage_taken":725,"minecraft:walk_one_cm":173592,"minecraft:mob_kills":3,"minecraft:drop":12,"minecraft:damage_dealt":367,"minecraft:swim_one_cm":4339,"minecraft:interact_with_crafting_table":5,"minecraft:fly_one_cm":145104,"minecraft:open_chest":1,"minecraft:crouch_one_cm":738,"minecraft:play_time":99005,"minecraft:deaths":1,"minecraft:sneak_time":2860,"minecraft:walk_under_water_one_cm":2114,"minecraft:jump":880,"minecraft:leave_game":1,"minecraft:time_since_death":79556,"minecraft:walk_on_water_one_cm":14818,"minecraft:total_world_time":99005,"minecraft:fish_caught":21,"minecraft:fall_one_cm":16844},"minecraft:killed":{"minecraft:spider":1,"minecraft:cow":2},"minecraft:mined":{"minecraft:furnace":2,"minecraft:kelp_plant":1,"minecraft:birch_log":6,"minecraft:fire":5,"minecraft:birch_leaves":1,"minecraft:crafting_table":2,"minecraft:short_grass":47,"minecraft:grass_block":5,"minecraft:oak_log":16,"minecraft:dirt":5,"minecraft:tall_grass":12,"minecraft:stone":15,"minecraft:sugar_cane":11,"minecraft:oak_leaves":59},"minecraft:picked_up":{"minecraft:birch_log":6,"minecraft:stick":3,"minecraft:crafting_table":2,"minecraft:salmon":16,"minecraft:leather":1,"minecraft:porkchop":3,"minecraft:enchanted_book":3,"minecraft:oak_log":19,"minecraft:spider_eye":1,"minecraft:string":2,"minecraft:dirt":10,"minecraft:cooked_cod":1,"minecraft:rotten_flesh":1,"minecraft:pufferfish":1,"minecraft:diamond":1,"minecraft:kelp":2,"minecraft:tropical_fish":1,"minecraft:wheat_seeds":7,"minecraft:beef":4,"minecraft:oak_sapling":1,"minecraft:sugar_cane":28,"minecraft:cod":15,"minecraft:wooden_axe":1,"minecraft:cobblestone":15,"minecraft:furnace":3},"minecraft:dropped":{"minecraft:enchanted_book":2,"minecraft:kelp":1,"minecraft:wheat_seeds":1,"minecraft:diamond":1,"minecraft:cooked_salmon":13,"minecraft:cooked_cod":2},"minecraft:used":{"minecraft:tropical_fish":1,"minecraft:wooden_pickaxe":25,"minecraft:cooked_salmon":1,"minecraft:torch":1,"minecraft:fishing_rod":65,"minecraft:dirt":10,"minecraft:beef":2,"minecraft:crafting_table":3,"minecraft:oak_sapling":1,"minecraft:furnace":4,"minecraft:cooked_cod":5,"minecraft:cooked_beef":2}},"DataVersion":3953}