{"stats":{"minecraft:custom":{"minecraft:jump":51,"minecraft:time_since_rest":7710,"minecraft:crouch_one_cm":25,"minecraft:walk_on_water_one_cm":1092,"minecraft:sprint_one_cm":5378,"minecraft:play_time":7710,"minecraft:damage_taken":346,"minecraft:time_since_death":7637,"minecraft:walk_one_cm":9806,"minecraft:sneak_time":221,"minecraft:walk_under_water_one_cm":7008,"minecraft:total_world_time":7710,"minecraft:damage_resisted":200,"minecraft:fall_one_cm":2202,"minecraft:fly_one_cm":8134},"minecraft:picked_up":{"minecraft:dirt":46}},"DataVersion":3953}