{"stats":{"minecraft:crafted":{"minecraft:cooked_beef":2,"minecraft:cooked_cod":4,"minecraft:oak_planks":16,"minecraft:fishing_rod":1,"minecraft:charcoal":9,"minecraft:crafting_table":1,"minecraft:stick":8,"minecraft:wooden_pickaxe":1,"minecraft:furnace":1,"minecraft:cooked_salmon":14,"minecraft:torch":4},"minecraft:custom":{"minecraft:time_since_rest":67585,"minecraft:interact_with_furnace":19,"minecraft:sprint_one_cm":188932,"minecraft:damage_taken":665,"minecraft:walk_one_cm":172519,"minecraft:mob_kills":3,"minecraft:drop":8,"minecraft:damage_dealt":367,"minecraft:swim_one_cm":3190,"minecraft:interact_with_crafting_table":5,"minecraft:fly_one_cm":142318,"minecraft:open_chest":1,"minecraft:crouch_one_cm":738,"minecraft:play_time":87005,"minecraft:deaths":1,"minecraft:sneak_time":2099,"minecraft:walk_under_water_one_cm":2053,"minecraft:jump":867,"minecraft:leave_game":1,"minecraft:time_since_death":67556,"minecraft:walk_on_water_one_cm":14508,"minecraft:total_world_time":87005,"minecraft:fish_caught":14,"minecraft:fall_one_cm":16366},"minecraft:killed":{"minecraft:spider":1,"minecraft:cow":2},"minecraft:mined":{"minecraft:furnace":1,"minecraft:kelp_plant":1,"minecraft:birch_log":6,"minecraft:fire":5,"minecraft:birch_leaves":1,"minecraft:crafting_table":2,"minecraft:short_grass":22,"minecraft:grass_block":5,"minecraft:oak_log":10,"minecraft:dirt":5,"minecraft:tall_grass":9,"minecraft:stone":15,"minecraft:sugar_cane":11,"minecraft:oak_leaves":57},"minecraft:picked_up":{"minecraft:birch_log":6,"minecraft:stick":3,"minecraft:crafting_table":2,"minecraft:salmon":11,"minecraft:leather":1,"minecraft:enchanted_book":1,"minecraft:oak_log":13,"minecraft:spider_eye":1,"minecraft:string":2,"minecraft:dirt":10,"minecraft:pufferfish":1,"minecraft:diamond":1,"minecraft:kelp":2,"minecraft:tropical_fish":1,"minecraft:wheat_seeds":4,"minecraft:beef":4,"minecraft:oak_sapling":1,"minecraft:sugar_cane":28,"minecraft:cod":10,"minecraft:wooden_axe":1,"minecraft:cobblestone":15,"minecraft:furnace":1},"minecraft:dropped":{"minecraft:wheat_seeds":1,"minecraft:diamond":1,"minecraft:cooked_salmon":13,"minecraft:cooked_cod":1},"minecraft:used":{"minecraft:tropical_fish":1,"minecraft:wooden_pickaxe":18,"minecraft:cooked_salmon":1,"minecraft:torch":1,"minecraft:fishing_rod":38,"minecraft:dirt":10,"minecraft:beef":2,"minecraft:crafting_table":3,"minecraft:oak_sapling":1,"minecraft:furnace":2,"minecraft:cooked_cod":3,"minecraft:cooked_beef":2}},"DataVersion":3953}