{"stats":{"minecraft:crafted":{"minecraft:cooked_beef":2,"minecraft:oak_planks":16,"minecraft:crafting_table":1,"minecraft:stick":8,"minecraft:wooden_pickaxe":1,"minecraft:furnace":1},"minecraft:custom":{"minecraft:time_since_rest":25585,"minecraft:interact_with_furnace":3,"minecraft:sprint_one_cm":126026,"minecraft:damage_taken":435,"minecraft:walk_one_cm":53132,"minecraft:mob_kills":2,"minecraft:drop":1,"minecraft:damage_dealt":200,"minecraft:swim_one_cm":803,"minecraft:interact_with_crafting_table":2,"minecraft:fly_one_cm":96979,"minecraft:open_chest":1,"minecraft:crouch_one_cm":459,"minecraft:play_time":45005,"minecraft:deaths":1,"minecraft:sneak_time":1489,"minecraft:walk_under_water_one_cm":184,"minecraft:jump":462,"minecraft:leave_game":1,"minecraft:time_since_death":25556,"minecraft:walk_on_water_one_cm":1296,"minecraft:total_world_time":45005,"minecraft:fall_one_cm":11973},"minecraft:killed":{"minecraft:cow":2},"minecraft:mined":{"minecraft:furnace":1,"minecraft:fire":5,"minecraft:crafting_table":2,"minecraft:short_grass":10,"minecraft:grass_block":3,"minecraft:oak_log":4,"minecraft:dirt":2,"minecraft:tall_grass":4,"minecraft:stone":15,"minecraft:sugar_cane":2,"minecraft:oak_leaves":4},"minecraft:picked_up":{"minecraft:crafting_table":2,"minecraft:leather":1,"minecraft:oak_log":4,"minecraft:dirt":5,"minecraft:wheat_seeds":1,"minecraft:beef":4,"minecraft:sugar_cane":5,"minecraft:cobblestone":15,"minecraft:furnace":1},"minecraft:dropped":{"minecraft:wheat_seeds":1},"minecraft:used":{"minecraft:wooden_pickaxe":18,"minecraft:dirt":5,"minecraft:beef":2,"minecraft:crafting_table":2,"minecraft:furnace":1,"minecraft:cooked_beef":2}},"DataVersion":3953}